@type,identifier,title,description,keyword/0,keyword/1,keyword/2,keyword/3,issued,modified,publisher/name,contactPoint/@type,contactPoint/fn,contactPoint/hasEmail,accessLevel,distribution/0/@type,distribution/0/title,distribution/0/format,distribution/0/mediaType,distribution/0/accessURL,distribution/1/@type,distribution/1/title,distribution/1/format,distribution/1/mediaType,distribution/1/accessURL,distribution/2/@type,distribution/2/title,distribution/2/format,distribution/2/mediaType,distribution/2/downloadURL,distribution/3/@type,distribution/3/title,distribution/3/format,distribution/3/mediaType,distribution/3/downloadURL,landingPage,webService,license,spatial,distribution/4/@type,distribution/4/title,distribution/4/format,distribution/4/mediaType,distribution/4/downloadURL,distribution/5/@type,distribution/5/title,distribution/5/format,distribution/5/mediaType,distribution/5/downloadURL,theme/0,keyword/4,keyword/5,keyword/6,keyword/7
dcat:Dataset,http://opendata.gis.co.scott.mn.us/datasets/7e4ff334783847f1b85499aed8f3cbb4_0,Building Permits,"<p>Scott County building
permit data represents permit data that is created and maintained by the
Property and Taxation Services department.  This permit data represents
permits that are issued on or after January 1, 2010, within a township, and
that have a status of Finalled, Issued, or Expired.  Scott County is the
permitting authority for the townships, to obtain permit data for a city within
Scott County please contact the city. Once data has been downloaded and opened in Excel, you must select the dateIssued field and change the field type to Short Date or Long Date.</p>",Scott County Minnesota,Building Permits,Livable,Safe,2016-01-25T20:55:33.000Z,2017-03-27T21:51:36.410Z,Scott County Minnesota,vcard:Contact,Patrick Thorsell,mailto:gis@co.scott.mn.us,public,dcat:Distribution,ArcGIS Open Dataset,Web page,text/html,http://opendata.gis.co.scott.mn.us/datasets/7e4ff334783847f1b85499aed8f3cbb4_0,dcat:Distribution,Esri Rest API,Esri REST,application/json,https://services.arcgis.com/DqIh9WAsIZcPlBEF/arcgis/rest/services/Building_Permits/FeatureServer/0,dcat:Distribution,GeoJSON,GeoJSON,application/vnd.geo+json,http://opendata.gis.co.scott.mn.us/datasets/7e4ff334783847f1b85499aed8f3cbb4_0.geojson,dcat:Distribution,CSV,CSV,text/csv,http://opendata.gis.co.scott.mn.us/datasets/7e4ff334783847f1b85499aed8f3cbb4_0.csv,http://opendata.gis.co.scott.mn.us/datasets/7e4ff334783847f1b85499aed8f3cbb4_0,https://services.arcgis.com/DqIh9WAsIZcPlBEF/arcgis/rest/services/Building_Permits/FeatureServer/0,http://opendata.gis.co.scott.mn.us/datasets/7e4ff334783847f1b85499aed8f3cbb4_0/license.json,"-160.0,-80.00000000000001,160.0,80.0",,,,,,,,,,,,,,,
dcat:Dataset,http://opendata.gis.co.scott.mn.us/datasets/96d49c0337bf48599d4cb454e088f408_0,Split Zoning,"Scott County Split Zoning. Zoning data falls into 1 of 12 categories:
A-1 = Agricultural Preservation District
A-2 = Agricultural Woodlands District
A-3 = Agricultural Preservation Density District
C-1 = General Commercial District
I-1 = Rural Industrial District
RR-1 = Rural Residential Reserve District
RR-1C = Rural Residential Reserve Cluster District
RR-2 = Rural Residential Single Family District
RR-3 = Residential Suburban Single Family District
UBR = Urban Business Reserve District
UER = Urban Expansion Reserve District
UERC = Urban Expansion Reserve Cluster District
UTR = Urban Transition Reserve District
UTR-C = Urban Transition Reserve Cluster District",Scott County Minnesota, Zoning, Property,,2016-08-10T21:31:29.000Z,2017-02-10T22:45:50.880Z,Scott County Minnesota,vcard:Contact,Patrick Thorsell,mailto:gis@co.scott.mn.us,public,dcat:Distribution,ArcGIS Open Dataset,Web page,text/html,http://opendata.gis.co.scott.mn.us/datasets/96d49c0337bf48599d4cb454e088f408_0,dcat:Distribution,Esri Rest API,Esri REST,application/json,https://services.arcgis.com/DqIh9WAsIZcPlBEF/arcgis/rest/services/Split_Zoning/FeatureServer/0,dcat:Distribution,GeoJSON,GeoJSON,application/vnd.geo+json,http://opendata.gis.co.scott.mn.us/datasets/96d49c0337bf48599d4cb454e088f408_0.geojson,dcat:Distribution,CSV,CSV,text/csv,http://opendata.gis.co.scott.mn.us/datasets/96d49c0337bf48599d4cb454e088f408_0.csv,http://opendata.gis.co.scott.mn.us/datasets/96d49c0337bf48599d4cb454e088f408_0,https://services.arcgis.com/DqIh9WAsIZcPlBEF/arcgis/rest/services/Split_Zoning/FeatureServer/0,http://opendata.gis.co.scott.mn.us/datasets/96d49c0337bf48599d4cb454e088f408_0/license.json,"-93.89458356569068,44.48766857085602,-93.27498326081356,44.84336468840095",dcat:Distribution,KML,KML,application/vnd.google-earth.kml+xml,http://opendata.gis.co.scott.mn.us/datasets/96d49c0337bf48599d4cb454e088f408_0.kml,dcat:Distribution,Shapefile,ZIP,application/zip,http://opendata.gis.co.scott.mn.us/datasets/96d49c0337bf48599d4cb454e088f408_0.zip,geospatial,,,,
dcat:Dataset,http://opendata.gis.co.scott.mn.us/datasets/0f1a8204a0fe4f4c849afd7ff715c175_0,Smoke Free Public Housing,Smoke free public housing within Scott County. Locations include smoke free apartments and townhomes.,Scott County Minnesota, Smoke Free Public Housing, People,,2016-08-10T21:19:33.000Z,2017-02-10T22:44:28.011Z,Scott County Minnesota,vcard:Contact,Patrick Thorsell,mailto:gis@co.scott.mn.us,public,dcat:Distribution,ArcGIS Open Dataset,Web page,text/html,http://opendata.gis.co.scott.mn.us/datasets/0f1a8204a0fe4f4c849afd7ff715c175_0,dcat:Distribution,Esri Rest API,Esri REST,application/json,https://services.arcgis.com/DqIh9WAsIZcPlBEF/arcgis/rest/services/Smoke_Free_Public_Housing/FeatureServer/0,dcat:Distribution,GeoJSON,GeoJSON,application/vnd.geo+json,http://opendata.gis.co.scott.mn.us/datasets/0f1a8204a0fe4f4c849afd7ff715c175_0.geojson,dcat:Distribution,CSV,CSV,text/csv,http://opendata.gis.co.scott.mn.us/datasets/0f1a8204a0fe4f4c849afd7ff715c175_0.csv,http://opendata.gis.co.scott.mn.us/datasets/0f1a8204a0fe4f4c849afd7ff715c175_0,https://services.arcgis.com/DqIh9WAsIZcPlBEF/arcgis/rest/services/Smoke_Free_Public_Housing/FeatureServer/0,http://opendata.gis.co.scott.mn.us/datasets/0f1a8204a0fe4f4c849afd7ff715c175_0/license.json,"-93.82907525037301,44.55224760489705,-93.28225090423439,44.865900728916756",dcat:Distribution,KML,KML,application/vnd.google-earth.kml+xml,http://opendata.gis.co.scott.mn.us/datasets/0f1a8204a0fe4f4c849afd7ff715c175_0.kml,dcat:Distribution,Shapefile,ZIP,application/zip,http://opendata.gis.co.scott.mn.us/datasets/0f1a8204a0fe4f4c849afd7ff715c175_0.zip,geospatial,,,,
dcat:Dataset,http://opendata.gis.co.scott.mn.us/datasets/b9d1688fec5741b7819d151213521203_0,Polling Precincts,"This dataset contains polling precincts within Scott County. The county is broken up into 49 precincts.
",Scott County Minnesota, Polling Precincts, Voting, Elections,2016-08-10T20:49:14.000Z,2017-02-10T22:43:15.376Z,Scott County Minnesota,vcard:Contact,Patrick Thorsell,mailto:gis@co.scott.mn.us,public,dcat:Distribution,ArcGIS Open Dataset,Web page,text/html,http://opendata.gis.co.scott.mn.us/datasets/b9d1688fec5741b7819d151213521203_0,dcat:Distribution,Esri Rest API,Esri REST,application/json,https://services.arcgis.com/DqIh9WAsIZcPlBEF/arcgis/rest/services/Polling_Precincts/FeatureServer/0,dcat:Distribution,GeoJSON,GeoJSON,application/vnd.geo+json,http://opendata.gis.co.scott.mn.us/datasets/b9d1688fec5741b7819d151213521203_0.geojson,dcat:Distribution,CSV,CSV,text/csv,http://opendata.gis.co.scott.mn.us/datasets/b9d1688fec5741b7819d151213521203_0.csv,http://opendata.gis.co.scott.mn.us/datasets/b9d1688fec5741b7819d151213521203_0,https://services.arcgis.com/DqIh9WAsIZcPlBEF/arcgis/rest/services/Polling_Precincts/FeatureServer/0,http://opendata.gis.co.scott.mn.us/datasets/b9d1688fec5741b7819d151213521203_0/license.json,"-93.92122874387799,44.486275469541546,-93.26014318629115,44.86567974952462",dcat:Distribution,KML,KML,application/vnd.google-earth.kml+xml,http://opendata.gis.co.scott.mn.us/datasets/b9d1688fec5741b7819d151213521203_0.kml,dcat:Distribution,Shapefile,ZIP,application/zip,http://opendata.gis.co.scott.mn.us/datasets/b9d1688fec5741b7819d151213521203_0.zip,geospatial,,,,
dcat:Dataset,http://opendata.gis.co.scott.mn.us/datasets/0d9749c775174de6995066b205e5fda5_0,Polling Places,"This dataset contains polling places throughout Scott County. Attributes include polling location, address, and precinct.",Polling Places, Scott County Minnesota, Elections,,2016-08-10T20:17:46.000Z,2017-02-10T22:41:59.190Z,Scott County Minnesota,vcard:Contact,Patrick Thorsell,mailto:gis@co.scott.mn.us,public,dcat:Distribution,ArcGIS Open Dataset,Web page,text/html,http://opendata.gis.co.scott.mn.us/datasets/0d9749c775174de6995066b205e5fda5_0,dcat:Distribution,Esri Rest API,Esri REST,application/json,https://services.arcgis.com/DqIh9WAsIZcPlBEF/arcgis/rest/services/Polling_Places/FeatureServer/0,dcat:Distribution,GeoJSON,GeoJSON,application/vnd.geo+json,http://opendata.gis.co.scott.mn.us/datasets/0d9749c775174de6995066b205e5fda5_0.geojson,dcat:Distribution,CSV,CSV,text/csv,http://opendata.gis.co.scott.mn.us/datasets/0d9749c775174de6995066b205e5fda5_0.csv,http://opendata.gis.co.scott.mn.us/datasets/0d9749c775174de6995066b205e5fda5_0,https://services.arcgis.com/DqIh9WAsIZcPlBEF/arcgis/rest/services/Polling_Places/FeatureServer/0,http://opendata.gis.co.scott.mn.us/datasets/0d9749c775174de6995066b205e5fda5_0/license.json,"-93.86109986096807,44.516467098130406,-93.30753949604697,44.834292695421716",dcat:Distribution,KML,KML,application/vnd.google-earth.kml+xml,http://opendata.gis.co.scott.mn.us/datasets/0d9749c775174de6995066b205e5fda5_0.kml,dcat:Distribution,Shapefile,ZIP,application/zip,http://opendata.gis.co.scott.mn.us/datasets/0d9749c775174de6995066b205e5fda5_0.zip,geospatial,,,,
dcat:Dataset,http://opendata.gis.co.scott.mn.us/datasets/161bc4df2d0b4800b98459424bacbd29_0,Points of Interest,Points of Interest,POI, Points of Interest, Scott County Minnesota, Property,2016-08-10T20:10:14.000Z,2017-02-10T22:40:50.908Z,Scott County Minnesota,vcard:Contact,Patrick Thorsell,mailto:gis@co.scott.mn.us,public,dcat:Distribution,ArcGIS Open Dataset,Web page,text/html,http://opendata.gis.co.scott.mn.us/datasets/161bc4df2d0b4800b98459424bacbd29_0,dcat:Distribution,Esri Rest API,Esri REST,application/json,https://services.arcgis.com/DqIh9WAsIZcPlBEF/arcgis/rest/services/Points_of_Interest/FeatureServer/0,dcat:Distribution,GeoJSON,GeoJSON,application/vnd.geo+json,http://opendata.gis.co.scott.mn.us/datasets/161bc4df2d0b4800b98459424bacbd29_0.geojson,dcat:Distribution,CSV,CSV,text/csv,http://opendata.gis.co.scott.mn.us/datasets/161bc4df2d0b4800b98459424bacbd29_0.csv,http://opendata.gis.co.scott.mn.us/datasets/161bc4df2d0b4800b98459424bacbd29_0,https://services.arcgis.com/DqIh9WAsIZcPlBEF/arcgis/rest/services/Points_of_Interest/FeatureServer/0,http://opendata.gis.co.scott.mn.us/datasets/161bc4df2d0b4800b98459424bacbd29_0/license.json,"-93.86059201527026,44.50289537591703,-93.27639246512634,44.83821556467814",dcat:Distribution,KML,KML,application/vnd.google-earth.kml+xml,http://opendata.gis.co.scott.mn.us/datasets/161bc4df2d0b4800b98459424bacbd29_0.kml,dcat:Distribution,Shapefile,ZIP,application/zip,http://opendata.gis.co.scott.mn.us/datasets/161bc4df2d0b4800b98459424bacbd29_0.zip,geospatial,,,,
dcat:Dataset,http://opendata.gis.co.scott.mn.us/datasets/93bdfb2c9a9f4c2b9a53b87dd875a4be_0,Parcels,"Scott County Parcels represent property tax boundaries and were created, and are maintained, by the Survey department. The tax boundaries are joined to the Assessor's CAMA data using the PID field providing field attributes for each property. For a list of field descriptions, click here.",Scott County Minnesota, Parcels, Property,,2016-08-09T21:20:29.000Z,2017-02-10T22:39:40.084Z,Scott County Minnesota,vcard:Contact,Patrick Thorsell,mailto:gis@co.scott.mn.us,public,dcat:Distribution,ArcGIS Open Dataset,Web page,text/html,http://opendata.gis.co.scott.mn.us/datasets/93bdfb2c9a9f4c2b9a53b87dd875a4be_0,dcat:Distribution,Esri Rest API,Esri REST,application/json,https://services.arcgis.com/DqIh9WAsIZcPlBEF/arcgis/rest/services/Parcels/FeatureServer/0,dcat:Distribution,GeoJSON,GeoJSON,application/vnd.geo+json,http://opendata.gis.co.scott.mn.us/datasets/93bdfb2c9a9f4c2b9a53b87dd875a4be_0.geojson,dcat:Distribution,CSV,CSV,text/csv,http://opendata.gis.co.scott.mn.us/datasets/93bdfb2c9a9f4c2b9a53b87dd875a4be_0.csv,http://opendata.gis.co.scott.mn.us/datasets/93bdfb2c9a9f4c2b9a53b87dd875a4be_0,https://services.arcgis.com/DqIh9WAsIZcPlBEF/arcgis/rest/services/Parcels/FeatureServer/0,http://opendata.gis.co.scott.mn.us/datasets/93bdfb2c9a9f4c2b9a53b87dd875a4be_0/license.json,"-94.0998532989391,44.38814887946268,-93.09210567476022,44.965744503406356",dcat:Distribution,KML,KML,application/vnd.google-earth.kml+xml,http://opendata.gis.co.scott.mn.us/datasets/93bdfb2c9a9f4c2b9a53b87dd875a4be_0.kml,dcat:Distribution,Shapefile,ZIP,application/zip,http://opendata.gis.co.scott.mn.us/datasets/93bdfb2c9a9f4c2b9a53b87dd875a4be_0.zip,geospatial,,,,
dcat:Dataset,http://opendata.gis.co.scott.mn.us/datasets/edb2d3607f0f4e1491fef03d75802e9f_0,Minor Civil Divisions,This dataset contains the Minor Civil Divisions within Scott County.,Scott County Minnesota, Cities, Townships, Administrative,2016-08-09T21:09:27.000Z,2017-02-10T22:33:39.396Z,Scott County Minnesota,vcard:Contact,Patrick Thorsell,mailto:gis@co.scott.mn.us,public,dcat:Distribution,ArcGIS Open Dataset,Web page,text/html,http://opendata.gis.co.scott.mn.us/datasets/edb2d3607f0f4e1491fef03d75802e9f_0,dcat:Distribution,Esri Rest API,Esri REST,application/json,https://services.arcgis.com/DqIh9WAsIZcPlBEF/arcgis/rest/services/Minor_Civil_Divisions/FeatureServer/0,dcat:Distribution,GeoJSON,GeoJSON,application/vnd.geo+json,http://opendata.gis.co.scott.mn.us/datasets/edb2d3607f0f4e1491fef03d75802e9f_0.geojson,dcat:Distribution,CSV,CSV,text/csv,http://opendata.gis.co.scott.mn.us/datasets/edb2d3607f0f4e1491fef03d75802e9f_0.csv,http://opendata.gis.co.scott.mn.us/datasets/edb2d3607f0f4e1491fef03d75802e9f_0,https://services.arcgis.com/DqIh9WAsIZcPlBEF/arcgis/rest/services/Minor_Civil_Divisions/FeatureServer/0,http://opendata.gis.co.scott.mn.us/datasets/edb2d3607f0f4e1491fef03d75802e9f_0/license.json,"-93.91553719234781,44.49286808951896,-93.26664872295001,44.865274431382346",dcat:Distribution,KML,KML,application/vnd.google-earth.kml+xml,http://opendata.gis.co.scott.mn.us/datasets/edb2d3607f0f4e1491fef03d75802e9f_0.kml,dcat:Distribution,Shapefile,ZIP,application/zip,http://opendata.gis.co.scott.mn.us/datasets/edb2d3607f0f4e1491fef03d75802e9f_0.zip,geospatial,,,,
dcat:Dataset,http://opendata.gis.co.scott.mn.us/datasets/c07b378a7f5247558d5f339a9570094c_0,Foreclosures,This dataset contains foreclosures that have occurred in Scott County. This dataset is current and has records that date back to 1985.,Scott County Minnesota, Foreclosures, Livable, Property,2016-08-09T20:58:52.000Z,2017-02-10T22:33:01.347Z,Scott County Minnesota,vcard:Contact,Patrick Thorsell,mailto:gis@co.scott.mn.us,public,dcat:Distribution,ArcGIS Open Dataset,Web page,text/html,http://opendata.gis.co.scott.mn.us/datasets/c07b378a7f5247558d5f339a9570094c_0,dcat:Distribution,Esri Rest API,Esri REST,application/json,https://services.arcgis.com/DqIh9WAsIZcPlBEF/arcgis/rest/services/Foreclosures/FeatureServer/0,dcat:Distribution,GeoJSON,GeoJSON,application/vnd.geo+json,http://opendata.gis.co.scott.mn.us/datasets/c07b378a7f5247558d5f339a9570094c_0.geojson,dcat:Distribution,CSV,CSV,text/csv,http://opendata.gis.co.scott.mn.us/datasets/c07b378a7f5247558d5f339a9570094c_0.csv,http://opendata.gis.co.scott.mn.us/datasets/c07b378a7f5247558d5f339a9570094c_0,https://services.arcgis.com/DqIh9WAsIZcPlBEF/arcgis/rest/services/Foreclosures/FeatureServer/0,http://opendata.gis.co.scott.mn.us/datasets/c07b378a7f5247558d5f339a9570094c_0/license.json,"-93.931919322261,44.483964665065116,-93.23219020415927,44.853133841785834",dcat:Distribution,KML,KML,application/vnd.google-earth.kml+xml,http://opendata.gis.co.scott.mn.us/datasets/c07b378a7f5247558d5f339a9570094c_0.kml,dcat:Distribution,Shapefile,ZIP,application/zip,http://opendata.gis.co.scott.mn.us/datasets/c07b378a7f5247558d5f339a9570094c_0.zip,geospatial,,,,
dcat:Dataset,http://opendata.gis.co.scott.mn.us/datasets/a692e5dc21dd4f1c9115b2ea50cdecfe_0,Food Resources,"Food Resources within Scott County. Locations include community gardens, farmers markets, food programs, food shelves, and grocery stores. ",Scott County Minnesota, Food, People,,2016-08-09T20:29:13.000Z,2017-02-10T22:31:57.781Z,Scott County Minnesota,vcard:Contact,Patrick Thorsell,mailto:gis@co.scott.mn.us,public,dcat:Distribution,ArcGIS Open Dataset,Web page,text/html,http://opendata.gis.co.scott.mn.us/datasets/a692e5dc21dd4f1c9115b2ea50cdecfe_0,dcat:Distribution,Esri Rest API,Esri REST,application/json,https://services.arcgis.com/DqIh9WAsIZcPlBEF/arcgis/rest/services/Food_Resources/FeatureServer/0,dcat:Distribution,GeoJSON,GeoJSON,application/vnd.geo+json,http://opendata.gis.co.scott.mn.us/datasets/a692e5dc21dd4f1c9115b2ea50cdecfe_0.geojson,dcat:Distribution,CSV,CSV,text/csv,http://opendata.gis.co.scott.mn.us/datasets/a692e5dc21dd4f1c9115b2ea50cdecfe_0.csv,http://opendata.gis.co.scott.mn.us/datasets/a692e5dc21dd4f1c9115b2ea50cdecfe_0,https://services.arcgis.com/DqIh9WAsIZcPlBEF/arcgis/rest/services/Food_Resources/FeatureServer/0,http://opendata.gis.co.scott.mn.us/datasets/a692e5dc21dd4f1c9115b2ea50cdecfe_0/license.json,"-93.77155608146514,44.5413476280892,-93.33201825318505,44.8014133403349",dcat:Distribution,KML,KML,application/vnd.google-earth.kml+xml,http://opendata.gis.co.scott.mn.us/datasets/a692e5dc21dd4f1c9115b2ea50cdecfe_0.kml,dcat:Distribution,Shapefile,ZIP,application/zip,http://opendata.gis.co.scott.mn.us/datasets/a692e5dc21dd4f1c9115b2ea50cdecfe_0.zip,geospatial,,,,
dcat:Dataset,http://opendata.gis.co.scott.mn.us/datasets/fd6005fa4eeb452d8e80daf1232b5446_0,Family Child Care,"Licensed family child care providers within Scott County.
",Scott County Minnesota, People, Child Care, Day Care,2016-08-09T19:26:18.000Z,2017-02-10T22:31:30.714Z,Scott County Minnesota,vcard:Contact,Patrick Thorsell,mailto:gis@co.scott.mn.us,public,dcat:Distribution,ArcGIS Open Dataset,Web page,text/html,http://opendata.gis.co.scott.mn.us/datasets/fd6005fa4eeb452d8e80daf1232b5446_0,dcat:Distribution,Esri Rest API,Esri REST,application/json,https://services.arcgis.com/DqIh9WAsIZcPlBEF/arcgis/rest/services/Family_Child_Care/FeatureServer/0,dcat:Distribution,GeoJSON,GeoJSON,application/vnd.geo+json,http://opendata.gis.co.scott.mn.us/datasets/fd6005fa4eeb452d8e80daf1232b5446_0.geojson,dcat:Distribution,CSV,CSV,text/csv,http://opendata.gis.co.scott.mn.us/datasets/fd6005fa4eeb452d8e80daf1232b5446_0.csv,http://opendata.gis.co.scott.mn.us/datasets/fd6005fa4eeb452d8e80daf1232b5446_0,https://services.arcgis.com/DqIh9WAsIZcPlBEF/arcgis/rest/services/Family_Child_Care/FeatureServer/0,http://opendata.gis.co.scott.mn.us/datasets/fd6005fa4eeb452d8e80daf1232b5446_0/license.json,"-93.91030384643463,44.467114064453945,-93.20100097069493,44.873958936602186",dcat:Distribution,KML,KML,application/vnd.google-earth.kml+xml,http://opendata.gis.co.scott.mn.us/datasets/fd6005fa4eeb452d8e80daf1232b5446_0.kml,dcat:Distribution,Shapefile,ZIP,application/zip,http://opendata.gis.co.scott.mn.us/datasets/fd6005fa4eeb452d8e80daf1232b5446_0.zip,geospatial,,,,
dcat:Dataset,http://opendata.gis.co.scott.mn.us/datasets/37f21c77ff0042f2857c85a7b29c02bb_0,Commissioner Districts,2012 Scott County Commissioner Districts. Updated and approved by Scott County Board as of May 2012 and developed by the Redistricting Committee.,Scott County Minnesota, Commissioner Districts, Elections,,2016-08-08T20:45:34.000Z,2017-02-10T22:31:02.198Z,Scott County Minnesota,vcard:Contact,Patrick Thorsell,mailto:gis@co.scott.mn.us,public,dcat:Distribution,ArcGIS Open Dataset,Web page,text/html,http://opendata.gis.co.scott.mn.us/datasets/37f21c77ff0042f2857c85a7b29c02bb_0,dcat:Distribution,Esri Rest API,Esri REST,application/json,https://services.arcgis.com/DqIh9WAsIZcPlBEF/arcgis/rest/services/Commissioner_Districts/FeatureServer/0,dcat:Distribution,GeoJSON,GeoJSON,application/vnd.geo+json,http://opendata.gis.co.scott.mn.us/datasets/37f21c77ff0042f2857c85a7b29c02bb_0.geojson,dcat:Distribution,CSV,CSV,text/csv,http://opendata.gis.co.scott.mn.us/datasets/37f21c77ff0042f2857c85a7b29c02bb_0.csv,http://opendata.gis.co.scott.mn.us/datasets/37f21c77ff0042f2857c85a7b29c02bb_0,https://services.arcgis.com/DqIh9WAsIZcPlBEF/arcgis/rest/services/Commissioner_Districts/FeatureServer/0,http://opendata.gis.co.scott.mn.us/datasets/37f21c77ff0042f2857c85a7b29c02bb_0/license.json,"-93.91444211131241,44.542139078630655,-93.27780903514713,44.81331995975671",dcat:Distribution,KML,KML,application/vnd.google-earth.kml+xml,http://opendata.gis.co.scott.mn.us/datasets/37f21c77ff0042f2857c85a7b29c02bb_0.kml,dcat:Distribution,Shapefile,ZIP,application/zip,http://opendata.gis.co.scott.mn.us/datasets/37f21c77ff0042f2857c85a7b29c02bb_0.zip,geospatial,,,,
dcat:Dataset,http://opendata.gis.co.scott.mn.us/datasets/a4481ee37b3c455092fdbb7c433566a3_0,Annexation,This dataset contains Orderly Annexation Areas within Scott County. The Orderly Annexation Area boundaries reflect areas mapped in annexation agreements between adjacent townships and cities.,Scott County Minnesota, Annexation, Property,,2016-08-08T20:23:47.000Z,2017-02-10T22:30:35.944Z,Scott County Minnesota,vcard:Contact,Patrick Thorsell,mailto:gis@co.scott.mn.us,public,dcat:Distribution,ArcGIS Open Dataset,Web page,text/html,http://opendata.gis.co.scott.mn.us/datasets/a4481ee37b3c455092fdbb7c433566a3_0,dcat:Distribution,Esri Rest API,Esri REST,application/json,https://services.arcgis.com/DqIh9WAsIZcPlBEF/arcgis/rest/services/Annexation/FeatureServer/0,dcat:Distribution,GeoJSON,GeoJSON,application/vnd.geo+json,http://opendata.gis.co.scott.mn.us/datasets/a4481ee37b3c455092fdbb7c433566a3_0.geojson,dcat:Distribution,CSV,CSV,text/csv,http://opendata.gis.co.scott.mn.us/datasets/a4481ee37b3c455092fdbb7c433566a3_0.csv,http://opendata.gis.co.scott.mn.us/datasets/a4481ee37b3c455092fdbb7c433566a3_0,https://services.arcgis.com/DqIh9WAsIZcPlBEF/arcgis/rest/services/Annexation/FeatureServer/0,http://opendata.gis.co.scott.mn.us/datasets/a4481ee37b3c455092fdbb7c433566a3_0/license.json,"-93.8465220476923,44.52957071110439,-93.35431951832743,44.812240423674695",dcat:Distribution,KML,KML,application/vnd.google-earth.kml+xml,http://opendata.gis.co.scott.mn.us/datasets/a4481ee37b3c455092fdbb7c433566a3_0.kml,dcat:Distribution,Shapefile,ZIP,application/zip,http://opendata.gis.co.scott.mn.us/datasets/a4481ee37b3c455092fdbb7c433566a3_0.zip,geospatial,,,,
dcat:Dataset,http://opendata.gis.co.scott.mn.us/datasets/dbc0ac6b823f448fa9aa7fa26d9d5280_0,Agricultural Ditches,This dataset contains the agricultural ditches within Scott County.,Scott County Minnesota, Ditches, Transportation,,2016-08-08T20:13:11.000Z,2017-02-10T22:30:05.473Z,Scott County Minnesota,vcard:Contact,Patrick Thorsell,mailto:gis@co.scott.mn.us,public,dcat:Distribution,ArcGIS Open Dataset,Web page,text/html,http://opendata.gis.co.scott.mn.us/datasets/dbc0ac6b823f448fa9aa7fa26d9d5280_0,dcat:Distribution,Esri Rest API,Esri REST,application/json,https://services.arcgis.com/DqIh9WAsIZcPlBEF/arcgis/rest/services/Agricultural_Ditches/FeatureServer/0,dcat:Distribution,GeoJSON,GeoJSON,application/vnd.geo+json,http://opendata.gis.co.scott.mn.us/datasets/dbc0ac6b823f448fa9aa7fa26d9d5280_0.geojson,dcat:Distribution,CSV,CSV,text/csv,http://opendata.gis.co.scott.mn.us/datasets/dbc0ac6b823f448fa9aa7fa26d9d5280_0.csv,http://opendata.gis.co.scott.mn.us/datasets/dbc0ac6b823f448fa9aa7fa26d9d5280_0,https://services.arcgis.com/DqIh9WAsIZcPlBEF/arcgis/rest/services/Agricultural_Ditches/FeatureServer/0,http://opendata.gis.co.scott.mn.us/datasets/dbc0ac6b823f448fa9aa7fa26d9d5280_0/license.json,"-93.88924682977567,44.43502764825013,-93.22988547376517,44.81362532029341",dcat:Distribution,KML,KML,application/vnd.google-earth.kml+xml,http://opendata.gis.co.scott.mn.us/datasets/dbc0ac6b823f448fa9aa7fa26d9d5280_0.kml,dcat:Distribution,Shapefile,ZIP,application/zip,http://opendata.gis.co.scott.mn.us/datasets/dbc0ac6b823f448fa9aa7fa26d9d5280_0.zip,geospatial,,,,
dcat:Dataset,http://opendata.gis.co.scott.mn.us/datasets/d6dbbc3918d34a4e8ca2a7599cbafd07_0,Comprehensive Landuse 2030,"2030 Comprehensive Landuse Plan for Scott County. For more information, please visit Scott County's 2030 Comprehensive Plan Implementation webpage. Zoning data falls into 1 of 12 categories:
A-1 = Agricultural Preservation District
A-2 = Agricultural Woodlands District
A-3 = Agricultural Preservation Density District
C-1 = General Commercial District
I-1 = Rural Industrial District
RR-1 = Rural Residential Reserve District
RR-1C = Rural Residential Reserve Cluster District
RR-2 = Rural Residential Single Family District
RR-3 = Residential Suburban Single Family District
UBR = Urban Business Reserve District
UER = Urban Expansion Reserve District
UERC = Urban Expansion Reserve Cluster District
UTR = Urban Transition Reserve District
UTR-C = Urban Transition Reserve Cluster District",Scott County Minnesota, Landuse, Administration,,2016-08-08T19:50:40.000Z,2017-02-10T22:29:39.286Z,Scott County Minnesota,vcard:Contact,Patrick Thorsell,mailto:gis@co.scott.mn.us,public,dcat:Distribution,ArcGIS Open Dataset,Web page,text/html,http://opendata.gis.co.scott.mn.us/datasets/d6dbbc3918d34a4e8ca2a7599cbafd07_0,dcat:Distribution,Esri Rest API,Esri REST,application/json,https://services.arcgis.com/DqIh9WAsIZcPlBEF/arcgis/rest/services/Comprehensive_Landuse_2030/FeatureServer/0,dcat:Distribution,GeoJSON,GeoJSON,application/vnd.geo+json,http://opendata.gis.co.scott.mn.us/datasets/d6dbbc3918d34a4e8ca2a7599cbafd07_0.geojson,dcat:Distribution,CSV,CSV,text/csv,http://opendata.gis.co.scott.mn.us/datasets/d6dbbc3918d34a4e8ca2a7599cbafd07_0.csv,http://opendata.gis.co.scott.mn.us/datasets/d6dbbc3918d34a4e8ca2a7599cbafd07_0,https://services.arcgis.com/DqIh9WAsIZcPlBEF/arcgis/rest/services/Comprehensive_Landuse_2030/FeatureServer/0,http://opendata.gis.co.scott.mn.us/datasets/d6dbbc3918d34a4e8ca2a7599cbafd07_0/license.json,"-93.9798332055029,44.456927274273944,-93.21147811130241,44.897714437658856",dcat:Distribution,KML,KML,application/vnd.google-earth.kml+xml,http://opendata.gis.co.scott.mn.us/datasets/d6dbbc3918d34a4e8ca2a7599cbafd07_0.kml,dcat:Distribution,Shapefile,ZIP,application/zip,http://opendata.gis.co.scott.mn.us/datasets/d6dbbc3918d34a4e8ca2a7599cbafd07_0.zip,geospatial,,,,
dcat:Dataset,http://opendata.gis.co.scott.mn.us/datasets/dd51dd7d245c45758e8cd6a6464910d4_0,Parks,"This dataset depicts park locations within Scott County. These locations were derived from various sources including local, county, regional, and state data. The county park boundaries are maintained by the Scott County Parks department. Other locations are maintained by their respective authority.",Scott County Minnesota, Parks, Natural,,2016-09-19T16:15:33.000Z,2017-02-10T22:28:19.314Z,Scott County Minnesota,vcard:Contact,Patrick Thorsell,mailto:gis@co.scott.mn.us,public,dcat:Distribution,ArcGIS Open Dataset,Web page,text/html,http://opendata.gis.co.scott.mn.us/datasets/dd51dd7d245c45758e8cd6a6464910d4_0,dcat:Distribution,Esri Rest API,Esri REST,application/json,https://services.arcgis.com/DqIh9WAsIZcPlBEF/arcgis/rest/services/Parks/FeatureServer/0,dcat:Distribution,GeoJSON,GeoJSON,application/vnd.geo+json,http://opendata.gis.co.scott.mn.us/datasets/dd51dd7d245c45758e8cd6a6464910d4_0.geojson,dcat:Distribution,CSV,CSV,text/csv,http://opendata.gis.co.scott.mn.us/datasets/dd51dd7d245c45758e8cd6a6464910d4_0.csv,http://opendata.gis.co.scott.mn.us/datasets/dd51dd7d245c45758e8cd6a6464910d4_0,https://services.arcgis.com/DqIh9WAsIZcPlBEF/arcgis/rest/services/Parks/FeatureServer/0,http://opendata.gis.co.scott.mn.us/datasets/dd51dd7d245c45758e8cd6a6464910d4_0/license.json,"-93.979833206,44.456927274,-93.211478111,44.897714437999994",dcat:Distribution,KML,KML,application/vnd.google-earth.kml+xml,http://opendata.gis.co.scott.mn.us/datasets/dd51dd7d245c45758e8cd6a6464910d4_0.kml,dcat:Distribution,Shapefile,ZIP,application/zip,http://opendata.gis.co.scott.mn.us/datasets/dd51dd7d245c45758e8cd6a6464910d4_0.zip,geospatial,,,,
dcat:Dataset,http://opendata.gis.co.scott.mn.us/datasets/ba0a67061ac04f6c98c3635d5e276333_0,Trails,"This dataset depicts the location of trails and sidewalks within Scott County. These locations were compiled from various sources including local, county, and regional data. The accuracy of the data varies by source.",Scott County Minnesota, Trails, Natural,,2016-09-19T17:56:29.000Z,2017-02-10T22:27:46.331Z,Scott County Minnesota,vcard:Contact,Patrick Thorsell,mailto:gis@co.scott.mn.us,public,dcat:Distribution,ArcGIS Open Dataset,Web page,text/html,http://opendata.gis.co.scott.mn.us/datasets/ba0a67061ac04f6c98c3635d5e276333_0,dcat:Distribution,Esri Rest API,Esri REST,application/json,https://services.arcgis.com/DqIh9WAsIZcPlBEF/arcgis/rest/services/Trails/FeatureServer/0,dcat:Distribution,GeoJSON,GeoJSON,application/vnd.geo+json,http://opendata.gis.co.scott.mn.us/datasets/ba0a67061ac04f6c98c3635d5e276333_0.geojson,dcat:Distribution,CSV,CSV,text/csv,http://opendata.gis.co.scott.mn.us/datasets/ba0a67061ac04f6c98c3635d5e276333_0.csv,http://opendata.gis.co.scott.mn.us/datasets/ba0a67061ac04f6c98c3635d5e276333_0,https://services.arcgis.com/DqIh9WAsIZcPlBEF/arcgis/rest/services/Trails/FeatureServer/0,http://opendata.gis.co.scott.mn.us/datasets/ba0a67061ac04f6c98c3635d5e276333_0/license.json,"-93.979833206,44.456927274,-93.211478111,44.897714437999994",dcat:Distribution,KML,KML,application/vnd.google-earth.kml+xml,http://opendata.gis.co.scott.mn.us/datasets/ba0a67061ac04f6c98c3635d5e276333_0.kml,dcat:Distribution,Shapefile,ZIP,application/zip,http://opendata.gis.co.scott.mn.us/datasets/ba0a67061ac04f6c98c3635d5e276333_0.zip,geospatial,,,,
dcat:Dataset,http://opendata.gis.co.scott.mn.us/datasets/69c050b1159540c29c7ffc884c12f066_0,Address Points,"This dataset contains the address points within Scott County, in MetroGIS format. The attributes of the data allow for accurate geocoding.",Scott County Minnesota, Address Points, Administration,,2016-09-01T16:48:45.000Z,2017-02-10T22:24:00.609Z,Scott County Minnesota,vcard:Contact,Patrick Thorsell,mailto:gis@co.scott.mn.us,public,dcat:Distribution,ArcGIS Open Dataset,Web page,text/html,http://opendata.gis.co.scott.mn.us/datasets/69c050b1159540c29c7ffc884c12f066_0,dcat:Distribution,Esri Rest API,Esri REST,application/json,https://services.arcgis.com/DqIh9WAsIZcPlBEF/arcgis/rest/services/Address_Points/FeatureServer/0,dcat:Distribution,GeoJSON,GeoJSON,application/vnd.geo+json,http://opendata.gis.co.scott.mn.us/datasets/69c050b1159540c29c7ffc884c12f066_0.geojson,dcat:Distribution,CSV,CSV,text/csv,http://opendata.gis.co.scott.mn.us/datasets/69c050b1159540c29c7ffc884c12f066_0.csv,http://opendata.gis.co.scott.mn.us/datasets/69c050b1159540c29c7ffc884c12f066_0,https://services.arcgis.com/DqIh9WAsIZcPlBEF/arcgis/rest/services/Address_Points/FeatureServer/0,http://opendata.gis.co.scott.mn.us/datasets/69c050b1159540c29c7ffc884c12f066_0/license.json,"-93.9798332055029,44.456927274273944,-93.21147811130241,44.897714437658856",dcat:Distribution,KML,KML,application/vnd.google-earth.kml+xml,http://opendata.gis.co.scott.mn.us/datasets/69c050b1159540c29c7ffc884c12f066_0.kml,dcat:Distribution,Shapefile,ZIP,application/zip,http://opendata.gis.co.scott.mn.us/datasets/69c050b1159540c29c7ffc884c12f066_0.zip,geospatial,,,,
dcat:Dataset,http://opendata.gis.co.scott.mn.us/datasets/0b6c02bd5c674c72bf3493a9c929eb1d_0,Street Centerlines,This dataset contains the street centerlines within Scott County. The data schema is consistent with the standards established by MetroGIS and its partners as part of the Metro Regional Centerline Collaborative (MRCC). This centerline data should be considered preliminary until the MRCC effort is finalized.,Scott County Minnesota, Transportation, Streets, Centerlines,2016-10-21T20:14:56.000Z,2017-02-10T22:23:06.201Z,Scott County Minnesota,vcard:Contact,Patrick Thorsell,mailto:gis@co.scott.mn.us,public,dcat:Distribution,ArcGIS Open Dataset,Web page,text/html,http://opendata.gis.co.scott.mn.us/datasets/0b6c02bd5c674c72bf3493a9c929eb1d_0,dcat:Distribution,Esri Rest API,Esri REST,application/json,https://services.arcgis.com/DqIh9WAsIZcPlBEF/arcgis/rest/services/Street_Centerlines/FeatureServer/0,dcat:Distribution,GeoJSON,GeoJSON,application/vnd.geo+json,http://opendata.gis.co.scott.mn.us/datasets/0b6c02bd5c674c72bf3493a9c929eb1d_0.geojson,dcat:Distribution,CSV,CSV,text/csv,http://opendata.gis.co.scott.mn.us/datasets/0b6c02bd5c674c72bf3493a9c929eb1d_0.csv,http://opendata.gis.co.scott.mn.us/datasets/0b6c02bd5c674c72bf3493a9c929eb1d_0,https://services.arcgis.com/DqIh9WAsIZcPlBEF/arcgis/rest/services/Street_Centerlines/FeatureServer/0,http://opendata.gis.co.scott.mn.us/datasets/0b6c02bd5c674c72bf3493a9c929eb1d_0/license.json,"-180.0,-90.0,180.0,90.0",dcat:Distribution,KML,KML,application/vnd.google-earth.kml+xml,http://opendata.gis.co.scott.mn.us/datasets/0b6c02bd5c674c72bf3493a9c929eb1d_0.kml,dcat:Distribution,Shapefile,ZIP,application/zip,http://opendata.gis.co.scott.mn.us/datasets/0b6c02bd5c674c72bf3493a9c929eb1d_0.zip,geospatial, Roads,,,
dcat:Dataset,http://opendata.gis.co.scott.mn.us/datasets/a007b09fc8f84963867291d05fc68ad1,Transmission Lines Map,Transmission Line map showing transmission lines within Scott County.<br />,Scott County Minnesota,Transmission Line,Utilities,PDF Maps,2015-08-11T21:11:58.000Z,2017-01-12T15:39:05.000Z,Scott County Minnesota,vcard:Contact,Patrick Thorsell,mailto:gis@co.scott.mn.us,public,dcat:Distribution,,Web Page,text/html,http://gis.co.scott.mn.us/maps/maps/Public_Works/Transmission_Lines.pdf,,,,,,,,,,,,,,,,http://opendata.gis.co.scott.mn.us/datasets/a007b09fc8f84963867291d05fc68ad1,http://gis.co.scott.mn.us/maps/maps/Public_Works/Transmission_Lines.pdf,http://opendata.gis.co.scott.mn.us/datasets/a007b09fc8f84963867291d05fc68ad1/license.json,"-93.726,44.408,-93.276,44.858",,,,,,,,,,,,Safe,,,
dcat:Dataset,http://opendata.gis.co.scott.mn.us/datasets/a1e800ef425747b0b2e3360866e265fd,Telephone Service Areas Map,Telephone Service Areas map showing telephone service areas within Scott County.<br />,Scott County Minnesota,Telephone,PDF Maps,Utilities,2015-08-11T21:15:32.000Z,2017-01-12T15:38:47.000Z,Scott County Minnesota,vcard:Contact,Patrick Thorsell,mailto:gis@co.scott.mn.us,public,dcat:Distribution,,Web Page,text/html,http://gis.co.scott.mn.us/maps/maps/Public_Works/Telephone_Service_Areas.pdf,,,,,,,,,,,,,,,,http://opendata.gis.co.scott.mn.us/datasets/a1e800ef425747b0b2e3360866e265fd,http://gis.co.scott.mn.us/maps/maps/Public_Works/Telephone_Service_Areas.pdf,http://opendata.gis.co.scott.mn.us/datasets/a1e800ef425747b0b2e3360866e265fd/license.json,"-93.726,44.408,-93.276,44.858",,,,,,,,,,,,Livable,,,
dcat:Dataset,http://opendata.gis.co.scott.mn.us/datasets/5c790ccce70148d5b0d2bb46ab5eb109,School Locations Map,School location map showing school locations within Scott County.,Scott County Minnesota,School,PDF Maps,Livable,2015-08-11T20:57:46.000Z,2017-01-12T15:38:11.000Z,Scott County Minnesota,vcard:Contact,Patrick Thorsell,mailto:gis@co.scott.mn.us,public,dcat:Distribution,,Web Page,text/html,http://gis.co.scott.mn.us/maps/maps/Public_Works/School_Locations.pdf,,,,,,,,,,,,,,,,http://opendata.gis.co.scott.mn.us/datasets/5c790ccce70148d5b0d2bb46ab5eb109,http://gis.co.scott.mn.us/maps/maps/Public_Works/School_Locations.pdf,http://opendata.gis.co.scott.mn.us/datasets/5c790ccce70148d5b0d2bb46ab5eb109/license.json,"-93.726,44.408,-93.276,44.858",,,,,,,,,,,,,,,
dcat:Dataset,http://opendata.gis.co.scott.mn.us/datasets/516a09f877774b1eac5db59141ea9c6e,School Districts Map,"School District map showing school districts within Scott County. There are currently 9 school districts in Scott County: Belle Plaine, Bloomington, Burnsville, Jordan, Lakeville, Le Sueur - Henderson, New Prague, Prior Lake - Savage, Shakopee.",Scott County Minnesota,School,PDF Maps,Livable,2015-08-11T20:13:19.000Z,2017-01-12T15:37:56.000Z,Scott County Minnesota,vcard:Contact,Patrick Thorsell,mailto:gis@co.scott.mn.us,public,dcat:Distribution,,Web Page,text/html,http://gis.co.scott.mn.us/maps/maps/Services/School_Districts.pdf,,,,,,,,,,,,,,,,http://opendata.gis.co.scott.mn.us/datasets/516a09f877774b1eac5db59141ea9c6e,http://gis.co.scott.mn.us/maps/maps/Services/School_Districts.pdf,http://opendata.gis.co.scott.mn.us/datasets/516a09f877774b1eac5db59141ea9c6e/license.json,"-93.726,44.408,-93.276,44.858",,,,,,,,,,,,,,,
dcat:Dataset,http://opendata.gis.co.scott.mn.us/datasets/660c8731f3a24beaaeb1020e779b84d2,Road Ownership Map,Road Ownership map showing road ownership within Scott County.,Scott County Minnesota,Roads,PDF Maps,Livable,2015-08-11T21:05:43.000Z,2017-01-12T15:37:38.000Z,Scott County Minnesota,vcard:Contact,Patrick Thorsell,mailto:gis@co.scott.mn.us,public,dcat:Distribution,,Web Page,text/html,http://gis.co.scott.mn.us/maps/maps/Public_Works/Road_Ownership.pdf,,,,,,,,,,,,,,,,http://opendata.gis.co.scott.mn.us/datasets/660c8731f3a24beaaeb1020e779b84d2,http://gis.co.scott.mn.us/maps/maps/Public_Works/Road_Ownership.pdf,http://opendata.gis.co.scott.mn.us/datasets/660c8731f3a24beaaeb1020e779b84d2/license.json,"-93.726,44.408,-93.276,44.858",,,,,,,,,,,,,,,
dcat:Dataset,http://opendata.gis.co.scott.mn.us/datasets/4ea171bd60874718ad5635e46f027950,Prime Farmland Map,Prime Farmland map showing farmland locations within Scott County.,Prime Farmland,Farm,Scott County Minnesota,PDF Maps,2015-08-11T20:52:34.000Z,2017-01-12T15:37:24.000Z,Scott County Minnesota,vcard:Contact,Patrick Thorsell,mailto:gis@co.scott.mn.us,public,dcat:Distribution,,Web Page,text/html,http://gis.co.scott.mn.us/maps/maps/Community_Development/Prime_Farmland.pdf,,,,,,,,,,,,,,,,http://opendata.gis.co.scott.mn.us/datasets/4ea171bd60874718ad5635e46f027950,http://gis.co.scott.mn.us/maps/maps/Community_Development/Prime_Farmland.pdf,http://opendata.gis.co.scott.mn.us/datasets/4ea171bd60874718ad5635e46f027950/license.json,"-93.726,44.408,-93.276,44.858",,,,,,,,,,,,Healthy,,,
dcat:Dataset,http://opendata.gis.co.scott.mn.us/datasets/213b1d53a4084f04b4610780aa2741f3,Reinvest in Minnesota Map,"Reinvest in Minnesota areas within Scott County. Click here for more information on the <a href=""http://www.dnr.state.mn.us/grants/land/rim.html"" target=""_blank"">Reinvest in Minnesota</a> program.<br />",Scott County Minnesota,Reinvest,PDF Maps,Healthy,2015-08-11T18:36:58.000Z,2017-01-12T15:37:08.000Z,Scott County Minnesota,vcard:Contact,Patrick Thorsell,mailto:gis@co.scott.mn.us,public,dcat:Distribution,,Web Page,text/html,http://gis.co.scott.mn.us/maps/maps/Community_Development/Reinvest_in_Minnesota.pdf,,,,,,,,,,,,,,,,http://opendata.gis.co.scott.mn.us/datasets/213b1d53a4084f04b4610780aa2741f3,http://gis.co.scott.mn.us/maps/maps/Community_Development/Reinvest_in_Minnesota.pdf,http://opendata.gis.co.scott.mn.us/datasets/213b1d53a4084f04b4610780aa2741f3/license.json,"-93.726,44.408,-93.276,44.858",,,,,,,,,,,,Environment,,,
dcat:Dataset,http://opendata.gis.co.scott.mn.us/datasets/d1782433fe73470d9c4e3e0f8271d6dd,Pipelines Map,Pipeline map showing pipeline locations within Scott County.<br />,Scott County Minnesota,Pipelines,PDF Maps,Utilities,2015-08-11T21:10:46.000Z,2017-01-12T15:36:47.000Z,Scott County Minnesota,vcard:Contact,Patrick Thorsell,mailto:gis@co.scott.mn.us,public,dcat:Distribution,,Web Page,text/html,http://gis.co.scott.mn.us/maps/maps/Public_Works/Pipelines.pdf,,,,,,,,,,,,,,,,http://opendata.gis.co.scott.mn.us/datasets/d1782433fe73470d9c4e3e0f8271d6dd,http://gis.co.scott.mn.us/maps/maps/Public_Works/Pipelines.pdf,http://opendata.gis.co.scott.mn.us/datasets/d1782433fe73470d9c4e3e0f8271d6dd/license.json,"-93.726,44.408,-93.276,44.858",,,,,,,,,,,,,,,
dcat:Dataset,http://opendata.gis.co.scott.mn.us/datasets/3540fad6b10a4d95a5c79b34a0701b05,Parks and Wildlife Management Areas Map,Parks and Wildlife Management Areas map showing management areas within Scott County.,Scott County Minnesota,Parks,Wildlife,PDF Maps,2015-08-11T20:07:45.000Z,2017-01-12T15:36:32.000Z,Scott County Minnesota,vcard:Contact,Patrick Thorsell,mailto:gis@co.scott.mn.us,public,dcat:Distribution,,Web Page,text/html,http://gis.co.scott.mn.us/maps/maps/Community_Development/Parks_and_Wildlife_Management_Areas_Map.pdf,,,,,,,,,,,,,,,,http://opendata.gis.co.scott.mn.us/datasets/3540fad6b10a4d95a5c79b34a0701b05,http://gis.co.scott.mn.us/maps/maps/Community_Development/Parks_and_Wildlife_Management_Areas_Map.pdf,http://opendata.gis.co.scott.mn.us/datasets/3540fad6b10a4d95a5c79b34a0701b05/license.json,"-93.726,44.408,-93.276,44.858",,,,,,,,,,,,Healthy,Livable,,
dcat:Dataset,http://opendata.gis.co.scott.mn.us/datasets/4468dc73d54d49fbaede2702faa31882,National Wetlands Inventory Map,National Wetlands Inventory map showing wetlands within Scott County.<br />,Scott County Minnesota,Wetlands,NWI,PDF Maps,2015-08-11T20:32:30.000Z,2017-01-12T15:35:54.000Z,Scott County Minnesota,vcard:Contact,Patrick Thorsell,mailto:gis@co.scott.mn.us,public,dcat:Distribution,,Web Page,text/html,http://gis.co.scott.mn.us/maps/maps/Community_Development/National_Wetlands_Inventory.pdf,,,,,,,,,,,,,,,,http://opendata.gis.co.scott.mn.us/datasets/4468dc73d54d49fbaede2702faa31882,http://gis.co.scott.mn.us/maps/maps/Community_Development/National_Wetlands_Inventory.pdf,http://opendata.gis.co.scott.mn.us/datasets/4468dc73d54d49fbaede2702faa31882/license.json,"-93.726,44.408,-93.276,44.858",,,,,,,,,,,,Healthy,,,
dcat:Dataset,http://opendata.gis.co.scott.mn.us/datasets/973e782b5fc74a0c8e7595d06955b774,Minor Civil Divisions Map,Minor Civil Divisions map showing cities and townships within Scott County.<br />,Scott County Minnesota,Municipal,Cities,Townships,2015-08-11T20:09:49.000Z,2017-01-12T15:35:27.000Z,Scott County Minnesota,vcard:Contact,Patrick Thorsell,mailto:gis@co.scott.mn.us,public,dcat:Distribution,,Web Page,text/html,http://gis.co.scott.mn.us/maps/maps/Community_Development/Municipal_Civil_Divisions_MCD.pdf,,,,,,,,,,,,,,,,http://opendata.gis.co.scott.mn.us/datasets/973e782b5fc74a0c8e7595d06955b774,http://gis.co.scott.mn.us/maps/maps/Community_Development/Municipal_Civil_Divisions_MCD.pdf,http://opendata.gis.co.scott.mn.us/datasets/973e782b5fc74a0c8e7595d06955b774/license.json,"-93.726,44.408,-93.276,44.858",,,,,,,,,,,,PDF Maps,Livable,Minor Civil Divisions,
dcat:Dataset,http://opendata.gis.co.scott.mn.us/datasets/6720d3dd0b864d7c9d2e23deb073346c,Minor Basins Map,Minor Basins map showing minor basin locations within Scott County.<br />,Scott County Minnesota,Basins,PDF Maps,,2015-08-11T20:49:26.000Z,2017-01-12T15:35:13.000Z,Scott County Minnesota,vcard:Contact,Patrick Thorsell,mailto:gis@co.scott.mn.us,public,dcat:Distribution,,Web Page,text/html,http://gis.co.scott.mn.us/maps/maps/Community_Development/Minor_Basins.pdf,,,,,,,,,,,,,,,,http://opendata.gis.co.scott.mn.us/datasets/6720d3dd0b864d7c9d2e23deb073346c,http://gis.co.scott.mn.us/maps/maps/Community_Development/Minor_Basins.pdf,http://opendata.gis.co.scott.mn.us/datasets/6720d3dd0b864d7c9d2e23deb073346c/license.json,"-93.726,44.408,-93.276,44.858",,,,,,,,,,,,,,,
dcat:Dataset,http://opendata.gis.co.scott.mn.us/datasets/4781517135184693b1f37d7e793aba6a,Hydric Soils Map,Hydric Soils in Scott County Minnesota.,Scott County Minnesota,Hydric Soils,PDF Maps,Healthy,2015-08-11T20:06:13.000Z,2017-01-12T15:34:59.000Z,Scott County Minnesota,vcard:Contact,Patrick Thorsell,mailto:gis@co.scott.mn.us,public,dcat:Distribution,,Web Page,text/html,http://gis.co.scott.mn.us/maps/maps/Community_Development/Hydric_Soils.pdf,,,,,,,,,,,,,,,,http://opendata.gis.co.scott.mn.us/datasets/4781517135184693b1f37d7e793aba6a,http://gis.co.scott.mn.us/maps/maps/Community_Development/Hydric_Soils.pdf,http://opendata.gis.co.scott.mn.us/datasets/4781517135184693b1f37d7e793aba6a/license.json,"-93.726,44.408,-93.276,44.858",,,,,,,,,,,,,,,
dcat:Dataset,http://opendata.gis.co.scott.mn.us/datasets/cbbcfdf3e84949abbdd176eb23964956,Gully Inventory Map,Gully Inventory map showing gully locations within Scott County.<br />,Scott County Minnesota,Gully,Inventory,PDF Maps,2015-08-11T20:29:14.000Z,2017-01-12T15:34:44.000Z,Scott County Minnesota,vcard:Contact,Patrick Thorsell,mailto:gis@co.scott.mn.us,public,dcat:Distribution,,Web Page,text/html,http://gis.co.scott.mn.us/maps/maps/Community_Development/Gully_Inventory.pdf,,,,,,,,,,,,,,,,http://opendata.gis.co.scott.mn.us/datasets/cbbcfdf3e84949abbdd176eb23964956,http://gis.co.scott.mn.us/maps/maps/Community_Development/Gully_Inventory.pdf,http://opendata.gis.co.scott.mn.us/datasets/cbbcfdf3e84949abbdd176eb23964956/license.json,"-93.726,44.408,-93.276,44.858",,,,,,,,,,,,,,,
dcat:Dataset,http://opendata.gis.co.scott.mn.us/datasets/92d4f860b8584ead8a76e61ebc7af280,Functional Road Classifications Map,Functional Road Classification map showing road classifications within Scott County.,Scott County Minnesota,Roads,PDF Maps,Safe,2015-08-11T21:01:57.000Z,2017-01-12T15:34:32.000Z,Scott County Minnesota,vcard:Contact,Patrick Thorsell,mailto:gis@co.scott.mn.us,public,dcat:Distribution,,Web Page,text/html,http://gis.co.scott.mn.us/maps/maps/Public_Works/Functional_Road_Classifications.pdf,,,,,,,,,,,,,,,,http://opendata.gis.co.scott.mn.us/datasets/92d4f860b8584ead8a76e61ebc7af280,http://gis.co.scott.mn.us/maps/maps/Public_Works/Functional_Road_Classifications.pdf,http://opendata.gis.co.scott.mn.us/datasets/92d4f860b8584ead8a76e61ebc7af280/license.json,"-93.726,44.408,-93.276,44.858",,,,,,,,,,,,Livable,,,
dcat:Dataset,http://opendata.gis.co.scott.mn.us/datasets/6914414c14544e79a489d272c2bd39dc,Filter Strips Map,Filter Strips map showing filter strips within Scott County.,Scott County Minnesota,Filter Strip,PDF Maps,,2015-08-11T20:19:55.000Z,2017-01-12T15:33:38.000Z,Scott County Minnesota,vcard:Contact,Patrick Thorsell,mailto:gis@co.scott.mn.us,public,dcat:Distribution,,Web Page,text/html,http://gis.co.scott.mn.us/maps/maps/Community_Development/Filter_Strips.pdf,,,,,,,,,,,,,,,,http://opendata.gis.co.scott.mn.us/datasets/6914414c14544e79a489d272c2bd39dc,http://gis.co.scott.mn.us/maps/maps/Community_Development/Filter_Strips.pdf,http://opendata.gis.co.scott.mn.us/datasets/6914414c14544e79a489d272c2bd39dc/license.json,"-93.726,44.408,-93.276,44.858",,,,,,,,,,,,,,,
dcat:Dataset,http://opendata.gis.co.scott.mn.us/datasets/970b6f2d9c704b7d91ae2c784fb4be3e,FEMA Flood Plain Map,FEMA Flood Plain map showing flood plain locations within Scott County.,Scott County Minnesota,FEMA,Flood,PDF Maps,2015-08-11T20:30:44.000Z,2017-01-12T15:33:26.000Z,Scott County Minnesota,vcard:Contact,Patrick Thorsell,mailto:gis@co.scott.mn.us,public,dcat:Distribution,,Web Page,text/html,http://gis.co.scott.mn.us/maps/maps/Community_Development/FEMA_Flood_Plain.pdf,,,,,,,,,,,,,,,,http://opendata.gis.co.scott.mn.us/datasets/970b6f2d9c704b7d91ae2c784fb4be3e,http://gis.co.scott.mn.us/maps/maps/Community_Development/FEMA_Flood_Plain.pdf,http://opendata.gis.co.scott.mn.us/datasets/970b6f2d9c704b7d91ae2c784fb4be3e/license.json,"-93.726,44.408,-93.276,44.858",,,,,,,,,,,,Safe,Livable,,
dcat:Dataset,http://opendata.gis.co.scott.mn.us/datasets/38ddaa84dcda4eb0a3d3f51ed57c1298,Electric Service Areas Map,Electric Service Areas map showing electric service areas within Scott County.<br />,Scott County Minnesota,Electric Service Areas,PDF Maps,Utilities,2015-08-11T21:14:07.000Z,2017-01-12T15:33:05.000Z,Scott County Minnesota,vcard:Contact,Patrick Thorsell,mailto:gis@co.scott.mn.us,public,dcat:Distribution,,Web Page,text/html,http://gis.co.scott.mn.us/maps/maps/Public_Works/Electric_Service_Areas.pdf,,,,,,,,,,,,,,,,http://opendata.gis.co.scott.mn.us/datasets/38ddaa84dcda4eb0a3d3f51ed57c1298,http://gis.co.scott.mn.us/maps/maps/Public_Works/Electric_Service_Areas.pdf,http://opendata.gis.co.scott.mn.us/datasets/38ddaa84dcda4eb0a3d3f51ed57c1298/license.json,"-93.726,44.408,-93.276,44.858",,,,,,,,,,,,Livable,,,
dcat:Dataset,http://opendata.gis.co.scott.mn.us/datasets/4b530484097f420c908565538553c05b,Ditch Inventory Map,Ditch Inventory map showing ditch locations in Scott County.,Scott County Minnesota,Ditch,PDF Maps,,2015-08-11T20:16:56.000Z,2017-01-12T15:32:42.000Z,Scott County Minnesota,vcard:Contact,Patrick Thorsell,mailto:gis@co.scott.mn.us,public,dcat:Distribution,,Web Page,text/html,http://gis.co.scott.mn.us/maps/maps/Community_Development/Ditch_Inventory.pdf,,,,,,,,,,,,,,,,http://opendata.gis.co.scott.mn.us/datasets/4b530484097f420c908565538553c05b,http://gis.co.scott.mn.us/maps/maps/Community_Development/Ditch_Inventory.pdf,http://opendata.gis.co.scott.mn.us/datasets/4b530484097f420c908565538553c05b/license.json,"-93.726,44.408,-93.276,44.858",,,,,,,,,,,,,,,
dcat:Dataset,http://opendata.gis.co.scott.mn.us/datasets/3eec13b4b5b14bb792bccf1b6e4c61a4,Digital Elevation Model Map,"Digital Elevation Model of Scott County, Minnesota.",Scott County Minnesota,Digital Elevation Model,DEM,PDF Maps,2015-08-11T18:29:02.000Z,2017-01-12T15:32:25.000Z,Scott County Minnesota,vcard:Contact,Patrick Thorsell,mailto:gis@co.scott.mn.us,public,dcat:Distribution,,Web Page,text/html,http://gis.co.scott.mn.us/maps/maps/Community_Development/Digital_Elevation_Model.pdf,,,,,,,,,,,,,,,,http://opendata.gis.co.scott.mn.us/datasets/3eec13b4b5b14bb792bccf1b6e4c61a4,http://gis.co.scott.mn.us/maps/maps/Community_Development/Digital_Elevation_Model.pdf,http://opendata.gis.co.scott.mn.us/datasets/3eec13b4b5b14bb792bccf1b6e4c61a4/license.json,"-93.726,44.408,-93.276,44.858",,,,,,,,,,,,,,,
dcat:Dataset,http://opendata.gis.co.scott.mn.us/datasets/3be80f37e9734bef9c7c7c086cc8fe59,Cultivated Land Map,Cultivated Land map showing cultivated land locations within Scott County.<br />,Scott County Minnesota,Cultivated Land,PDF Maps,Healthy,2015-08-11T20:54:04.000Z,2017-01-12T15:32:10.000Z,Scott County Minnesota,vcard:Contact,Patrick Thorsell,mailto:gis@co.scott.mn.us,public,dcat:Distribution,,Web Page,text/html,http://gis.co.scott.mn.us/maps/maps/Community_Development/Cultivated_Land.pdf,,,,,,,,,,,,,,,,http://opendata.gis.co.scott.mn.us/datasets/3be80f37e9734bef9c7c7c086cc8fe59,http://gis.co.scott.mn.us/maps/maps/Community_Development/Cultivated_Land.pdf,http://opendata.gis.co.scott.mn.us/datasets/3be80f37e9734bef9c7c7c086cc8fe59/license.json,"-93.726,44.408,-93.276,44.858",,,,,,,,,,,,,,,
dcat:Dataset,http://opendata.gis.co.scott.mn.us/datasets/3fc77345eb3d4b4c9751d59dfb342170,County Wetland Inventory Map,County Wetland Inventory map showing wetlands within Scott County.<br />,Scott County Minnesota,Wetland,Inventory,PDF Maps,2015-08-11T20:50:51.000Z,2017-01-12T15:31:52.000Z,Scott County Minnesota,vcard:Contact,Patrick Thorsell,mailto:gis@co.scott.mn.us,public,dcat:Distribution,,Web Page,text/html,http://gis.co.scott.mn.us/maps/maps/Community_Development/County_Wetland_Inventory.pdf,,,,,,,,,,,,,,,,http://opendata.gis.co.scott.mn.us/datasets/3fc77345eb3d4b4c9751d59dfb342170,http://gis.co.scott.mn.us/maps/maps/Community_Development/County_Wetland_Inventory.pdf,http://opendata.gis.co.scott.mn.us/datasets/3fc77345eb3d4b4c9751d59dfb342170/license.json,"-93.726,44.408,-93.276,44.858",,,,,,,,,,,,Healthy,,,
dcat:Dataset,http://opendata.gis.co.scott.mn.us/datasets/cdf5946573a44ef4a94ec4159a8fdb60,Contours,"This is a link to the MNTopo website, which allows users to view and download high resolution elevation contours within the state of Minnesota.",Scott County Minnesota,Elevation,Contours,Natural,2016-08-03T21:31:42.000Z,2017-01-12T15:31:21.000Z,Scott County Minnesota,vcard:Contact,Patrick Thorsell,mailto:gis@co.scott.mn.us,public,dcat:Distribution,,Web Page,text/html,http://www.dnr.state.mn.us/maps/mntopo/index.html,,,,,,,,,,,,,,,,http://opendata.gis.co.scott.mn.us/datasets/cdf5946573a44ef4a94ec4159a8fdb60,http://www.dnr.state.mn.us/maps/mntopo/index.html,http://opendata.gis.co.scott.mn.us/datasets/cdf5946573a44ef4a94ec4159a8fdb60/license.json,"-180.0,-90.0,180.0,90.0",,,,,,,,,,,,,,,
dcat:Dataset,http://opendata.gis.co.scott.mn.us/datasets/a86028e2833e4a5fb2994ed86737d5a4,Conservation Reserve Enhancement Program Map,"Conservation Reserve Enhancement Program map of Scott County, Minnesota.<br />",Scott County Minnesota,Conservation,PDF Maps,Healthy,2015-08-11T18:30:44.000Z,2017-01-12T15:31:08.000Z,Scott County Minnesota,vcard:Contact,Patrick Thorsell,mailto:gis@co.scott.mn.us,public,dcat:Distribution,,Web Page,text/html,http://gis.co.scott.mn.us/maps/maps/Community_Development/Conservation_Reserve_Enhancement_Program.pdf,,,,,,,,,,,,,,,,http://opendata.gis.co.scott.mn.us/datasets/a86028e2833e4a5fb2994ed86737d5a4,http://gis.co.scott.mn.us/maps/maps/Community_Development/Conservation_Reserve_Enhancement_Program.pdf,http://opendata.gis.co.scott.mn.us/datasets/a86028e2833e4a5fb2994ed86737d5a4/license.json,"-93.726,44.408,-93.276,44.858",,,,,,,,,,,,Livable,,,
dcat:Dataset,http://opendata.gis.co.scott.mn.us/datasets/496b92e22308457c9406ca09241e39d1,Boat Landings Map,Boat Landings map showing boat landing locations within Scott County.<br />,Scott County Minnesota,Boat Landings,PDF Maps,Livable,2015-08-11T20:59:37.000Z,2017-01-12T15:29:57.000Z,Scott County Minnesota,vcard:Contact,Patrick Thorsell,mailto:gis@co.scott.mn.us,public,dcat:Distribution,,Web Page,text/html,http://gis.co.scott.mn.us/maps/maps/Public_Works/Boat_Landings.pdf,,,,,,,,,,,,,,,,http://opendata.gis.co.scott.mn.us/datasets/496b92e22308457c9406ca09241e39d1,http://gis.co.scott.mn.us/maps/maps/Public_Works/Boat_Landings.pdf,http://opendata.gis.co.scott.mn.us/datasets/496b92e22308457c9406ca09241e39d1/license.json,"-93.726,44.408,-93.276,44.858",,,,,,,,,,,,,,,
dcat:Dataset,http://opendata.gis.co.scott.mn.us/datasets/06bee7207cb94c54810623684fa102e1,2030 Comprehensive Landuse Plan Map,"Scott County Comprehensive Plan, 2030 land use.",Scott County Minnesota,Landuse,Livable,PDF Maps,2015-12-02T22:10:25.000Z,2017-01-12T15:29:36.000Z,Scott County Minnesota,vcard:Contact,Patrick Thorsell,mailto:gis@co.scott.mn.us,public,dcat:Distribution,,Web Page,text/html,http://gis.co.scott.mn.us/maps/maps/Community_Development/2030_Landuse.pdf,,,,,,,,,,,,,,,,http://opendata.gis.co.scott.mn.us/datasets/06bee7207cb94c54810623684fa102e1,http://gis.co.scott.mn.us/maps/maps/Community_Development/2030_Landuse.pdf,http://opendata.gis.co.scott.mn.us/datasets/06bee7207cb94c54810623684fa102e1/license.json,"-93.726,44.408,-93.276,44.858",,,,,,,,,,,,,,,
dcat:Dataset,http://opendata.gis.co.scott.mn.us/datasets/052d3070821f45e59eac93bf3eeb77c2,2016 County Highway Map (Front),"Detailed
 highway map of Scott County. This is the front of the map showing the 
locations of highways, townships, lakes, rivers, etc...",Scott County Minnesota,Highway,Roads,PDF Maps,2016-09-07T19:40:37.000Z,2017-01-12T15:29:17.000Z,Scott County Minnesota,vcard:Contact,Patrick Thorsell,mailto:gis@co.scott.mn.us,public,dcat:Distribution,,Web Page,text/html,http://gis.co.scott.mn.us/maps/maps/Public_Works/Front2016.pdf,,,,,,,,,,,,,,,,http://opendata.gis.co.scott.mn.us/datasets/052d3070821f45e59eac93bf3eeb77c2,http://gis.co.scott.mn.us/maps/maps/Public_Works/Front2016.pdf,http://opendata.gis.co.scott.mn.us/datasets/052d3070821f45e59eac93bf3eeb77c2/license.json,"-180.0,-90.0,180.0,90.0",,,,,,,,,,,,,,,
dcat:Dataset,http://opendata.gis.co.scott.mn.us/datasets/3e0b750a0ae94498b60019d72cddcf46,2016 County Highway Map (Back),"Detailed
 highway map of Scott County. This is the front of the map showing the 
locations of highways, townships, lakes, rivers, etc...",Scott County Minnesota,Highway,Roads,PDF Maps,2016-09-07T19:37:35.000Z,2017-01-12T15:29:03.000Z,Scott County Minnesota,vcard:Contact,Patrick Thorsell,mailto:gis@co.scott.mn.us,public,dcat:Distribution,,Web Page,text/html,http://gis.co.scott.mn.us/maps/maps/Public_Works/Back2016.pdf,,,,,,,,,,,,,,,,http://opendata.gis.co.scott.mn.us/datasets/3e0b750a0ae94498b60019d72cddcf46,http://gis.co.scott.mn.us/maps/maps/Public_Works/Back2016.pdf,http://opendata.gis.co.scott.mn.us/datasets/3e0b750a0ae94498b60019d72cddcf46/license.json,"-180.0,-90.0,180.0,90.0",,,,,,,,,,,,,,,
dcat:Dataset,http://opendata.gis.co.scott.mn.us/datasets/5ba7fdf4df8f456c9fe0dca6e675d8e7,2014 County Highway Map (Front),"Detailed highway map of Scott County. This is the front of the map showing the locations of highways, townships, lakes, rivers, etc...",Scott County Minnesota,Highway,Roads,PDF Maps,2015-08-11T18:15:13.000Z,2017-01-12T15:28:52.000Z,Scott County Minnesota,vcard:Contact,Patrick Thorsell,mailto:gis@co.scott.mn.us,public,dcat:Distribution,,Web Page,text/html,http://gis.co.scott.mn.us/maps/maps/Public_Works/Front2014.pdf,,,,,,,,,,,,,,,,http://opendata.gis.co.scott.mn.us/datasets/5ba7fdf4df8f456c9fe0dca6e675d8e7,http://gis.co.scott.mn.us/maps/maps/Public_Works/Front2014.pdf,http://opendata.gis.co.scott.mn.us/datasets/5ba7fdf4df8f456c9fe0dca6e675d8e7/license.json,"-93.726,44.408,-93.276,44.858",,,,,,,,,,,,Livable,,,
dcat:Dataset,http://opendata.gis.co.scott.mn.us/datasets/94a02deedb9c4c0b8c6454a2cc84cdb6,2014 County Highway Map (Back),"Detailed
 highway map of Scott County. This is the back of the map showing a detailed view of the following cities: Belle Plaine, Elko New Market, Jordan, New Prague, Prior Lake, Savage, Shakopee.<br />",Scott County Minnesota,Highway,Roads,PDF Maps,2015-08-11T18:22:59.000Z,2017-01-12T15:28:37.000Z,Scott County Minnesota,vcard:Contact,Patrick Thorsell,mailto:gis@co.scott.mn.us,public,dcat:Distribution,,Web Page,text/html,http://gis.co.scott.mn.us/maps/maps/Public_Works/Back2014.pdf,,,,,,,,,,,,,,,,http://opendata.gis.co.scott.mn.us/datasets/94a02deedb9c4c0b8c6454a2cc84cdb6,http://gis.co.scott.mn.us/maps/maps/Public_Works/Back2014.pdf,http://opendata.gis.co.scott.mn.us/datasets/94a02deedb9c4c0b8c6454a2cc84cdb6/license.json,"-93.726,44.408,-93.276,44.858",,,,,,,,,,,,Livable,,,
dcat:Dataset,http://opendata.gis.co.scott.mn.us/datasets/290a2c0997344178bff826e294e79589,2008-2017 Transportation Improvement Program Map,2008-2017 Transportation Improvement Program map showing plans for road improvements within Scott County.<br />,Scott County Minnesota,Roads,Transportation,PDF Maps,2015-08-11T21:07:16.000Z,2017-01-12T15:28:18.000Z,Scott County Minnesota,vcard:Contact,Patrick Thorsell,mailto:gis@co.scott.mn.us,public,dcat:Distribution,,Web Page,text/html,http://gis.co.scott.mn.us/maps/maps/Public_Works/2008-2017_Transportation_Improvement_Program.pdf,,,,,,,,,,,,,,,,http://opendata.gis.co.scott.mn.us/datasets/290a2c0997344178bff826e294e79589,http://gis.co.scott.mn.us/maps/maps/Public_Works/2008-2017_Transportation_Improvement_Program.pdf,http://opendata.gis.co.scott.mn.us/datasets/290a2c0997344178bff826e294e79589/license.json,"-93.726,44.408,-93.276,44.858",,,,,,,,,,,,Safe,Livable,,
dcat:Dataset,http://opendata.gis.co.scott.mn.us/datasets/13b763b0f6564a5cbda513b7ccc2fa8a,10 Foot Topography Map,"10 foot topography map of Scott County, Minnesota. ",Scott County Minnesota,Contours,Topography,PDF Maps,2015-08-11T18:27:12.000Z,2017-01-12T15:28:02.000Z,Scott County Minnesota,vcard:Contact,Patrick Thorsell,mailto:gis@co.scott.mn.us,public,dcat:Distribution,,Web Page,text/html,http://gis.co.scott.mn.us/maps/maps/Community_Development/10_Foot_Topo.pdf,,,,,,,,,,,,,,,,http://opendata.gis.co.scott.mn.us/datasets/13b763b0f6564a5cbda513b7ccc2fa8a,http://gis.co.scott.mn.us/maps/maps/Community_Development/10_Foot_Topo.pdf,http://opendata.gis.co.scott.mn.us/datasets/13b763b0f6564a5cbda513b7ccc2fa8a/license.json,"-93.726,44.408,-93.276,44.858",,,,,,,,,,,,Livable,,,
dcat:Dataset,http://opendata.gis.co.scott.mn.us/datasets/402cdc5c6f2a425cb818f81315561d9b,Commissioner District Map,"Commissioner Districts within Scott County. Approved by the Scott County Board in May, 2012.<br />",Scott County Minnesota,Commissioner,PDF Maps,Livable,2015-08-11T20:08:51.000Z,2017-01-12T15:26:16.000Z,Scott County Minnesota,vcard:Contact,Patrick Thorsell,mailto:gis@co.scott.mn.us,public,dcat:Distribution,,Web Page,text/html,http://gis.co.scott.mn.us/maps/maps/Administration/Final_approved_2012_Commissioner_District_map.pdf,,,,,,,,,,,,,,,,http://opendata.gis.co.scott.mn.us/datasets/402cdc5c6f2a425cb818f81315561d9b,http://gis.co.scott.mn.us/maps/maps/Administration/Final_approved_2012_Commissioner_District_map.pdf,http://opendata.gis.co.scott.mn.us/datasets/402cdc5c6f2a425cb818f81315561d9b/license.json,"-93.726,44.408,-93.276,44.858",,,,,,,,,,,,,,,
dcat:Dataset,http://opendata.gis.co.scott.mn.us/datasets/26659cd8ba5949abbf9faf973584fc9b_0,Sections,"This dataset contains Public Land Survey System sections within Scott County. Attributes include Township, Range, and Section. This data is maintained by the Scott County Survey Department.",Scott County Minnesota, Sections, PLSS, Administrative,2016-08-10T21:09:29.000Z,2016-08-10T21:10:41.143Z,Scott County Minnesota,vcard:Contact,Patrick Thorsell,mailto:gis@co.scott.mn.us,public,dcat:Distribution,ArcGIS Open Dataset,Web page,text/html,http://opendata.gis.co.scott.mn.us/datasets/26659cd8ba5949abbf9faf973584fc9b_0,dcat:Distribution,Esri Rest API,Esri REST,application/json,https://services.arcgis.com/DqIh9WAsIZcPlBEF/arcgis/rest/services/Sections/FeatureServer/0,dcat:Distribution,GeoJSON,GeoJSON,application/vnd.geo+json,http://opendata.gis.co.scott.mn.us/datasets/26659cd8ba5949abbf9faf973584fc9b_0.geojson,dcat:Distribution,CSV,CSV,text/csv,http://opendata.gis.co.scott.mn.us/datasets/26659cd8ba5949abbf9faf973584fc9b_0.csv,http://opendata.gis.co.scott.mn.us/datasets/26659cd8ba5949abbf9faf973584fc9b_0,https://services.arcgis.com/DqIh9WAsIZcPlBEF/arcgis/rest/services/Sections/FeatureServer/0,http://opendata.gis.co.scott.mn.us/datasets/26659cd8ba5949abbf9faf973584fc9b_0/license.json,"-93.92122874387799,44.486275469541546,-93.26014318629115,44.86567974952462",dcat:Distribution,KML,KML,application/vnd.google-earth.kml+xml,http://opendata.gis.co.scott.mn.us/datasets/26659cd8ba5949abbf9faf973584fc9b_0.kml,dcat:Distribution,Shapefile,ZIP,application/zip,http://opendata.gis.co.scott.mn.us/datasets/26659cd8ba5949abbf9faf973584fc9b_0.zip,geospatial,,,,
dcat:Dataset,http://opendata.gis.co.scott.mn.us/datasets/10fd1abde8da48f3901ec03abadc4379_0,Zoning,Scott County Zoning. Zoning data falls into 1 of 12 categories: A-1 = Agricultural Preservation District A-2 = Agricultural Woodlands District A-3 = Agricultural Preservation Density District C-1 = General Commercial District I-1 = Rural Industrial District RR-1 = Rural Residential Reserve District RR-1C = Rural Residential Reserve Cluster District RR-2 = Rural Residential Single Family District RR-3 = Residential Suburban Single Family District UBR = Urban Business Reserve District UER = Urban Expansion Reserve District UERC = Urban Expansion Reserve Cluster District UTR = Urban Transition Reserve District UTR-C = Urban Transition Reserve Cluster District,Scott County Minnesota,Zoning,Property,,2016-06-14T21:43:39.000Z,2016-06-14T21:48:36.895Z,Scott County Minnesota,vcard:Contact,Patrick Thorsell,mailto:gis@co.scott.mn.us,public,dcat:Distribution,ArcGIS Open Dataset,Web page,text/html,http://opendata.gis.co.scott.mn.us/datasets/10fd1abde8da48f3901ec03abadc4379_0,dcat:Distribution,Esri Rest API,Esri REST,application/json,https://services.arcgis.com/DqIh9WAsIZcPlBEF/arcgis/rest/services/Zoning/FeatureServer/0,dcat:Distribution,GeoJSON,GeoJSON,application/vnd.geo+json,http://opendata.gis.co.scott.mn.us/datasets/10fd1abde8da48f3901ec03abadc4379_0.geojson,dcat:Distribution,CSV,CSV,text/csv,http://opendata.gis.co.scott.mn.us/datasets/10fd1abde8da48f3901ec03abadc4379_0.csv,http://opendata.gis.co.scott.mn.us/datasets/10fd1abde8da48f3901ec03abadc4379_0,https://services.arcgis.com/DqIh9WAsIZcPlBEF/arcgis/rest/services/Zoning/FeatureServer/0,http://opendata.gis.co.scott.mn.us/datasets/10fd1abde8da48f3901ec03abadc4379_0/license.json,"-93.91255350399832,44.54225436161961,-93.27781824326215,44.799677224882764",dcat:Distribution,KML,KML,application/vnd.google-earth.kml+xml,http://opendata.gis.co.scott.mn.us/datasets/10fd1abde8da48f3901ec03abadc4379_0.kml,dcat:Distribution,Shapefile,ZIP,application/zip,http://opendata.gis.co.scott.mn.us/datasets/10fd1abde8da48f3901ec03abadc4379_0.zip,geospatial,,,,
dcat:Dataset,http://opendata.gis.co.scott.mn.us/datasets/6c8cceb230ba49539510d1790efc99ed_0,Bluff Overlay,Bluffs within Scott County.,Scott County Minnesota,Bluffs,Natural,,2016-04-08T18:20:22.000Z,2016-04-08T18:24:51.696Z,Scott County Minnesota,vcard:Contact,Patrick Thorsell,mailto:gis@co.scott.mn.us,public,dcat:Distribution,ArcGIS Open Dataset,Web page,text/html,http://opendata.gis.co.scott.mn.us/datasets/6c8cceb230ba49539510d1790efc99ed_0,dcat:Distribution,Esri Rest API,Esri REST,application/json,https://services.arcgis.com/DqIh9WAsIZcPlBEF/arcgis/rest/services/Bluff_Overlay/FeatureServer/0,dcat:Distribution,GeoJSON,GeoJSON,application/vnd.geo+json,http://opendata.gis.co.scott.mn.us/datasets/6c8cceb230ba49539510d1790efc99ed_0.geojson,dcat:Distribution,CSV,CSV,text/csv,http://opendata.gis.co.scott.mn.us/datasets/6c8cceb230ba49539510d1790efc99ed_0.csv,http://opendata.gis.co.scott.mn.us/datasets/6c8cceb230ba49539510d1790efc99ed_0,https://services.arcgis.com/DqIh9WAsIZcPlBEF/arcgis/rest/services/Bluff_Overlay/FeatureServer/0,http://opendata.gis.co.scott.mn.us/datasets/6c8cceb230ba49539510d1790efc99ed_0/license.json,"-93.89401455348894,44.5423071814825,-93.28114968593015,44.77720277070464",dcat:Distribution,KML,KML,application/vnd.google-earth.kml+xml,http://opendata.gis.co.scott.mn.us/datasets/6c8cceb230ba49539510d1790efc99ed_0.kml,dcat:Distribution,Shapefile,ZIP,application/zip,http://opendata.gis.co.scott.mn.us/datasets/6c8cceb230ba49539510d1790efc99ed_0.zip,geospatial,,,,
dcat:Dataset,http://opendata.gis.co.scott.mn.us/datasets/a8eb3e26bfe546fcb97e6be8b64e2cfb_0,Wooded Areas,Wooded Areas within Scott County. This planimetric data was collected in 2003. ,Scott County Minnesota,Wooded Areas,Safe,Livable,2015-08-29T18:48:46.000Z,2016-02-12T21:43:22.706Z,Scott County Minnesota,vcard:Contact,Patrick Thorsell,mailto:gis@co.scott.mn.us,public,dcat:Distribution,ArcGIS Open Dataset,Web page,text/html,http://opendata.gis.co.scott.mn.us/datasets/a8eb3e26bfe546fcb97e6be8b64e2cfb_0,dcat:Distribution,Esri Rest API,Esri REST,application/json,https://services.arcgis.com/DqIh9WAsIZcPlBEF/arcgis/rest/services/Wooded_Areas/FeatureServer/0,dcat:Distribution,GeoJSON,GeoJSON,application/vnd.geo+json,http://opendata.gis.co.scott.mn.us/datasets/a8eb3e26bfe546fcb97e6be8b64e2cfb_0.geojson,dcat:Distribution,CSV,CSV,text/csv,http://opendata.gis.co.scott.mn.us/datasets/a8eb3e26bfe546fcb97e6be8b64e2cfb_0.csv,http://opendata.gis.co.scott.mn.us/datasets/a8eb3e26bfe546fcb97e6be8b64e2cfb_0,https://services.arcgis.com/DqIh9WAsIZcPlBEF/arcgis/rest/services/Wooded_Areas/FeatureServer/0,http://opendata.gis.co.scott.mn.us/datasets/a8eb3e26bfe546fcb97e6be8b64e2cfb_0/license.json,"-93.91321995101463,44.54233163375147,-93.27762686974171,44.8133009337009",dcat:Distribution,KML,KML,application/vnd.google-earth.kml+xml,http://opendata.gis.co.scott.mn.us/datasets/a8eb3e26bfe546fcb97e6be8b64e2cfb_0.kml,dcat:Distribution,Shapefile,ZIP,application/zip,http://opendata.gis.co.scott.mn.us/datasets/a8eb3e26bfe546fcb97e6be8b64e2cfb_0.zip,geospatial,Natural,,,
dcat:Dataset,http://opendata.gis.co.scott.mn.us/datasets/db2bcaf7727f44f18b4c81baf4491510_0,Swamps,Swamps within Scott County. This planimetric data was collected in 2003. ,Scott County Minnesota,Swamps,Safe,Livable,2015-09-08T20:55:25.000Z,2016-02-12T21:42:53.351Z,Scott County Minnesota,vcard:Contact,Patrick Thorsell,mailto:gis@co.scott.mn.us,public,dcat:Distribution,ArcGIS Open Dataset,Web page,text/html,http://opendata.gis.co.scott.mn.us/datasets/db2bcaf7727f44f18b4c81baf4491510_0,dcat:Distribution,Esri Rest API,Esri REST,application/json,https://services.arcgis.com/DqIh9WAsIZcPlBEF/arcgis/rest/services/Swamps/FeatureServer/0,dcat:Distribution,GeoJSON,GeoJSON,application/vnd.geo+json,http://opendata.gis.co.scott.mn.us/datasets/db2bcaf7727f44f18b4c81baf4491510_0.geojson,dcat:Distribution,CSV,CSV,text/csv,http://opendata.gis.co.scott.mn.us/datasets/db2bcaf7727f44f18b4c81baf4491510_0.csv,http://opendata.gis.co.scott.mn.us/datasets/db2bcaf7727f44f18b4c81baf4491510_0,https://services.arcgis.com/DqIh9WAsIZcPlBEF/arcgis/rest/services/Swamps/FeatureServer/0,http://opendata.gis.co.scott.mn.us/datasets/db2bcaf7727f44f18b4c81baf4491510_0/license.json,"-93.890560373435,44.54233624431603,-93.27763997735799,44.80509981436631",dcat:Distribution,KML,KML,application/vnd.google-earth.kml+xml,http://opendata.gis.co.scott.mn.us/datasets/db2bcaf7727f44f18b4c81baf4491510_0.kml,dcat:Distribution,Shapefile,ZIP,application/zip,http://opendata.gis.co.scott.mn.us/datasets/db2bcaf7727f44f18b4c81baf4491510_0.zip,geospatial,Natural,,,
dcat:Dataset,http://opendata.gis.co.scott.mn.us/datasets/a2d0744ac0554fa3a998a375d8cd22cc_0,Open Water,Open Water within Scott County. This planimetric data was collected in 2003.,Scott County Minnesota,Open Water,Rivers,Lakes,2015-09-08T20:07:55.000Z,2016-02-12T21:42:26.142Z,Scott County Minnesota,vcard:Contact,Patrick Thorsell,mailto:gis@co.scott.mn.us,public,dcat:Distribution,ArcGIS Open Dataset,Web page,text/html,http://opendata.gis.co.scott.mn.us/datasets/a2d0744ac0554fa3a998a375d8cd22cc_0,dcat:Distribution,Esri Rest API,Esri REST,application/json,https://services.arcgis.com/DqIh9WAsIZcPlBEF/arcgis/rest/services/Open_Water/FeatureServer/0,dcat:Distribution,GeoJSON,GeoJSON,application/vnd.geo+json,http://opendata.gis.co.scott.mn.us/datasets/a2d0744ac0554fa3a998a375d8cd22cc_0.geojson,dcat:Distribution,CSV,CSV,text/csv,http://opendata.gis.co.scott.mn.us/datasets/a2d0744ac0554fa3a998a375d8cd22cc_0.csv,http://opendata.gis.co.scott.mn.us/datasets/a2d0744ac0554fa3a998a375d8cd22cc_0,https://services.arcgis.com/DqIh9WAsIZcPlBEF/arcgis/rest/services/Open_Water/FeatureServer/0,http://opendata.gis.co.scott.mn.us/datasets/a2d0744ac0554fa3a998a375d8cd22cc_0/license.json,"-93.91442870919357,44.54222984125315,-93.27772978043392,44.81353821736063",dcat:Distribution,KML,KML,application/vnd.google-earth.kml+xml,http://opendata.gis.co.scott.mn.us/datasets/a2d0744ac0554fa3a998a375d8cd22cc_0.kml,dcat:Distribution,Shapefile,ZIP,application/zip,http://opendata.gis.co.scott.mn.us/datasets/a2d0744ac0554fa3a998a375d8cd22cc_0.zip,geospatial,Streams,Livable,Safe,Natural
dcat:Dataset,http://opendata.gis.co.scott.mn.us/datasets/9077b99e6fbf4bba9e2db4a6d2594512_0,Railroads,Railroads within Scott County. This planimetric data was collected in 2003.,Scott County Minnesota,Railroads,Livable,Transportation,2015-09-08T20:45:10.000Z,2016-02-09T21:44:03.900Z,Scott County Minnesota,vcard:Contact,Patrick Thorsell,mailto:gis@co.scott.mn.us,public,dcat:Distribution,ArcGIS Open Dataset,Web page,text/html,http://opendata.gis.co.scott.mn.us/datasets/9077b99e6fbf4bba9e2db4a6d2594512_0,dcat:Distribution,Esri Rest API,Esri REST,application/json,https://services.arcgis.com/DqIh9WAsIZcPlBEF/arcgis/rest/services/Railroads/FeatureServer/0,dcat:Distribution,GeoJSON,GeoJSON,application/vnd.geo+json,http://opendata.gis.co.scott.mn.us/datasets/9077b99e6fbf4bba9e2db4a6d2594512_0.geojson,dcat:Distribution,CSV,CSV,text/csv,http://opendata.gis.co.scott.mn.us/datasets/9077b99e6fbf4bba9e2db4a6d2594512_0.csv,http://opendata.gis.co.scott.mn.us/datasets/9077b99e6fbf4bba9e2db4a6d2594512_0,https://services.arcgis.com/DqIh9WAsIZcPlBEF/arcgis/rest/services/Railroads/FeatureServer/0,http://opendata.gis.co.scott.mn.us/datasets/9077b99e6fbf4bba9e2db4a6d2594512_0/license.json,"-93.89376207168833,44.542474575116735,-93.3279398138857,44.80280517279247",dcat:Distribution,KML,KML,application/vnd.google-earth.kml+xml,http://opendata.gis.co.scott.mn.us/datasets/9077b99e6fbf4bba9e2db4a6d2594512_0.kml,dcat:Distribution,Shapefile,ZIP,application/zip,http://opendata.gis.co.scott.mn.us/datasets/9077b99e6fbf4bba9e2db4a6d2594512_0.zip,geospatial,,,,
dcat:Dataset,http://opendata.gis.co.scott.mn.us/datasets/970cd4d72c384086948f385d2980482f_0,Driveways,Driveways within Scott County. This planimetric data was collected in 2003.,Scott County Minnesota,Driveways,Livable,Property,2015-09-03T22:18:28.000Z,2016-02-09T21:37:45.154Z,Scott County Minnesota,vcard:Contact,Patrick Thorsell,mailto:gis@co.scott.mn.us,public,dcat:Distribution,ArcGIS Open Dataset,Web page,text/html,http://opendata.gis.co.scott.mn.us/datasets/970cd4d72c384086948f385d2980482f_0,dcat:Distribution,Esri Rest API,Esri REST,application/json,https://services.arcgis.com/DqIh9WAsIZcPlBEF/arcgis/rest/services/Driveways/FeatureServer/0,dcat:Distribution,GeoJSON,GeoJSON,application/vnd.geo+json,http://opendata.gis.co.scott.mn.us/datasets/970cd4d72c384086948f385d2980482f_0.geojson,dcat:Distribution,CSV,CSV,text/csv,http://opendata.gis.co.scott.mn.us/datasets/970cd4d72c384086948f385d2980482f_0.csv,http://opendata.gis.co.scott.mn.us/datasets/970cd4d72c384086948f385d2980482f_0,https://services.arcgis.com/DqIh9WAsIZcPlBEF/arcgis/rest/services/Driveways/FeatureServer/0,http://opendata.gis.co.scott.mn.us/datasets/970cd4d72c384086948f385d2980482f_0/license.json,"-93.8932011048414,44.54222497289902,-93.2780481155288,44.80440454443632",dcat:Distribution,KML,KML,application/vnd.google-earth.kml+xml,http://opendata.gis.co.scott.mn.us/datasets/970cd4d72c384086948f385d2980482f_0.kml,dcat:Distribution,Shapefile,ZIP,application/zip,http://opendata.gis.co.scott.mn.us/datasets/970cd4d72c384086948f385d2980482f_0.zip,geospatial,,,,
dcat:Dataset,http://opendata.gis.co.scott.mn.us/datasets/11227f63e88f44feb3ca81525ecaa534_0,County Boundary,This dataset contains one feature that represents the outer county boundary for Scott County. The northern boundary is defined by the Minnesota river. The rest of the boundary is based off of the Public Land Survey System using Township and Range boundaries.,Scott County Minnesota,Boundary,Livable,Administrative,2015-09-03T22:08:16.000Z,2016-02-09T21:37:03.536Z,Scott County Minnesota,vcard:Contact,Patrick Thorsell,mailto:gis@co.scott.mn.us,public,dcat:Distribution,ArcGIS Open Dataset,Web page,text/html,http://opendata.gis.co.scott.mn.us/datasets/11227f63e88f44feb3ca81525ecaa534_0,dcat:Distribution,Esri Rest API,Esri REST,application/json,https://services.arcgis.com/DqIh9WAsIZcPlBEF/arcgis/rest/services/County_Boundary/FeatureServer/0,dcat:Distribution,GeoJSON,GeoJSON,application/vnd.geo+json,http://opendata.gis.co.scott.mn.us/datasets/11227f63e88f44feb3ca81525ecaa534_0.geojson,dcat:Distribution,CSV,CSV,text/csv,http://opendata.gis.co.scott.mn.us/datasets/11227f63e88f44feb3ca81525ecaa534_0.csv,http://opendata.gis.co.scott.mn.us/datasets/11227f63e88f44feb3ca81525ecaa534_0,https://services.arcgis.com/DqIh9WAsIZcPlBEF/arcgis/rest/services/County_Boundary/FeatureServer/0,http://opendata.gis.co.scott.mn.us/datasets/11227f63e88f44feb3ca81525ecaa534_0/license.json,"-93.915,44.541,-93.278,44.813",dcat:Distribution,KML,KML,application/vnd.google-earth.kml+xml,http://opendata.gis.co.scott.mn.us/datasets/11227f63e88f44feb3ca81525ecaa534_0.kml,dcat:Distribution,Shapefile,ZIP,application/zip,http://opendata.gis.co.scott.mn.us/datasets/11227f63e88f44feb3ca81525ecaa534_0.zip,geospatial,,,,
dcat:Dataset,http://opendata.gis.co.scott.mn.us/datasets/cda7d43295f54cdcb918f06938258ca2_0,Buildings,<div>Buildings within Scott County. This planimetric data was collected in 2003.</div><div><br /></div>,Scott County Minnesota,Buildings,Livable,Property,2015-09-03T21:55:40.000Z,2016-02-09T21:36:08.447Z,Scott County Minnesota,vcard:Contact,Patrick Thorsell,mailto:gis@co.scott.mn.us,public,dcat:Distribution,ArcGIS Open Dataset,Web page,text/html,http://opendata.gis.co.scott.mn.us/datasets/cda7d43295f54cdcb918f06938258ca2_0,dcat:Distribution,Esri Rest API,Esri REST,application/json,https://services.arcgis.com/DqIh9WAsIZcPlBEF/arcgis/rest/services/Buildings/FeatureServer/0,dcat:Distribution,GeoJSON,GeoJSON,application/vnd.geo+json,http://opendata.gis.co.scott.mn.us/datasets/cda7d43295f54cdcb918f06938258ca2_0.geojson,dcat:Distribution,CSV,CSV,text/csv,http://opendata.gis.co.scott.mn.us/datasets/cda7d43295f54cdcb918f06938258ca2_0.csv,http://opendata.gis.co.scott.mn.us/datasets/cda7d43295f54cdcb918f06938258ca2_0,https://services.arcgis.com/DqIh9WAsIZcPlBEF/arcgis/rest/services/Buildings/FeatureServer/0,http://opendata.gis.co.scott.mn.us/datasets/cda7d43295f54cdcb918f06938258ca2_0/license.json,"-93.89057168474294,44.54252457147889,-93.27791666775902,44.80406556503441",dcat:Distribution,KML,KML,application/vnd.google-earth.kml+xml,http://opendata.gis.co.scott.mn.us/datasets/cda7d43295f54cdcb918f06938258ca2_0.kml,dcat:Distribution,Shapefile,ZIP,application/zip,http://opendata.gis.co.scott.mn.us/datasets/cda7d43295f54cdcb918f06938258ca2_0.zip,geospatial,,,,
dcat:Dataset,http://opendata.gis.co.scott.mn.us/datasets/de00613d36b24493a5e81e094bfc00b4_0,Park and Ride Lots,"Park &amp; Ride Lots within Scott County. For more information, visit the <a href=""http://www.smartlinktransit.com/index.html"" target=""_blank"">SmarkLink Transit</a> website.",Park and Ride,Scott County Minnesota,Transportation,Safe,2015-09-17T21:41:16.000Z,2015-09-17T21:43:27.489Z,Scott County Minnesota,vcard:Contact,Patrick Thorsell,mailto:gis@co.scott.mn.us,public,dcat:Distribution,ArcGIS Open Dataset,Web page,text/html,http://opendata.gis.co.scott.mn.us/datasets/de00613d36b24493a5e81e094bfc00b4_0,dcat:Distribution,Esri Rest API,Esri REST,application/json,https://services.arcgis.com/DqIh9WAsIZcPlBEF/arcgis/rest/services/Park_and_Ride_Lots/FeatureServer/0,dcat:Distribution,GeoJSON,GeoJSON,application/vnd.geo+json,http://opendata.gis.co.scott.mn.us/datasets/de00613d36b24493a5e81e094bfc00b4_0.geojson,dcat:Distribution,CSV,CSV,text/csv,http://opendata.gis.co.scott.mn.us/datasets/de00613d36b24493a5e81e094bfc00b4_0.csv,http://opendata.gis.co.scott.mn.us/datasets/de00613d36b24493a5e81e094bfc00b4_0,https://services.arcgis.com/DqIh9WAsIZcPlBEF/arcgis/rest/services/Park_and_Ride_Lots/FeatureServer/0,http://opendata.gis.co.scott.mn.us/datasets/de00613d36b24493a5e81e094bfc00b4_0/license.json,"-93.76991127218233,44.62487358074655,-93.33150758240241,44.78252239863632",dcat:Distribution,KML,KML,application/vnd.google-earth.kml+xml,http://opendata.gis.co.scott.mn.us/datasets/de00613d36b24493a5e81e094bfc00b4_0.kml,dcat:Distribution,Shapefile,ZIP,application/zip,http://opendata.gis.co.scott.mn.us/datasets/de00613d36b24493a5e81e094bfc00b4_0.zip,geospatial,Healthy,Livable,,
