uuid,NEW_title,NEW_topic_categories,NEW_abstract,NEW_originator,NEW_publisher,NEW_distributor,NEW_date_publication,NEW_date_revision,NEW_temporal_start,NEW_temporal_end,NEW_keywords_place,NEW_link_information,NEW_link_download,NEW_collective_title,NEW_other_citation,NEW_dataset_uri
e5f520e5_f915_46c9_9028_786c620d5f2c,"Board of Review District: Cook County, Illinois, 2010",boundaries,Board of Review District based on 2010 census.,Cook County GIS Department,Cook County Government,Cook County GIS Department,2014-06-02,2014-06-02,2010,,"Cook County, Illinois, United States|Illinois, United States",https://datacatalog.cookcountyil.gov/d/7iyt-i4z4,https://datacatalog.cookcountyil.gov/api/geospatial/7iyt-i4z4?method=export&format=Shapefile,Cook County Open Data,Polygon,7iyt-i4z4
7fe085ca_3351_4b47_a29e_add8a8783434,"Community College Tax Districts: Cook County, Illinois, 2012",boundaries,"Community College Tax Districts in Cook County, Illinois for tax year 2012.",Cook County GIS Department,Cook County Government,Cook County GIS Department,2014-03-10,2014-03-10,2012,,"Cook County, Illinois, United States|Illinois, United States",https://datacatalog.cookcountyil.gov/d/pt2x-hzk3,https://datacatalog.cookcountyil.gov/api/geospatial/pt2x-hzk3?method=export&format=Shapefile,Cook County Open Data,Polygon,pt2x-hzk3
f6eec867_0ff5_4547_ac61_fa9802716c87,"Community College Tax Districts: Cook County, Illinois, 2013",boundaries,"Community College Tax Districts in Cook County, Illinois for tax year 2013.",Cook County GIS Department,Cook County Government,Cook County GIS Department,2015-12-14,2015-12-14,2013,,"Cook County, Illinois, United States|Illinois, United States",https://datacatalog.cookcountyil.gov/d/4byp-2m3p,https://datacatalog.cookcountyil.gov/api/geospatial/4byp-2m3p?method=export&format=Shapefile,Cook County Open Data,Polygon,4byp-2m3p
3fe1d4b0_2425_4f85_8544_fab0b4cff6a1,"Community College Tax Districts: Cook County, Illinois, 2014",boundaries,"Community College Tax Districts in Cook County, Illinois for tax year 2014.",Cook County GIS Department,Cook County Government,Cook County GIS Department,2015-12-10,2015-12-10,2014,,"Cook County, Illinois, United States|Illinois, United States",https://datacatalog.cookcountyil.gov/d/uxmj-ssxr,https://datacatalog.cookcountyil.gov/api/geospatial/uxmj-ssxr?method=export&format=Shapefile,Cook County Open Data,Polygon,uxmj-ssxr
ef513d09_b797_460c_a714_1c305ffce5cf,"Elementary School Tax Districts: Cook County, Illinois, 2012",boundaries,"Elementary School Taxing Districts in Cook County, Illinois for 2012.",Cook County GIS Department,Cook County Government,Cook County GIS Department,2014-03-10,2014-03-10,2012,,"Cook County, Illinois, United States|Illinois, United States",https://datacatalog.cookcountyil.gov/d/6mxp-5tr3,https://datacatalog.cookcountyil.gov/api/geospatial/6mxp-5tr3?method=export&format=Shapefile,Cook County Open Data,Polygon,6mxp-5tr3
1bd52f84_6b9e_48e4_b872_d9f0a49b1329,"Elementary School Tax Districts: Cook County, Illinois, 2013",boundaries,"Elementary School Taxing Districts in Cook County, Illinois for 2013.",Cook County GIS Department,Cook County Government,Cook County GIS Department,2015-12-14,2015-12-14,2013,,"Cook County, Illinois, United States|Illinois, United States",https://datacatalog.cookcountyil.gov/d/y5p9-c2pm,https://datacatalog.cookcountyil.gov/api/geospatial/y5p9-c2pm?method=export&format=Shapefile,Cook County Open Data,Polygon,y5p9-c2pm
9d8adbd4_924d_493d_a4fc_3f5ec9d71d5f,"Elementary School Tax Districts: Cook County, Illinois, 2014",boundaries,"Elementary School Taxing Districts in Cook County, Illinois for 2014",Cook County GIS Department,Cook County Government,Cook County GIS Department,2015-12-11,2015-12-11,2014,,"Cook County, Illinois, United States|Illinois, United States",https://datacatalog.cookcountyil.gov/d/p5v4-ncme,https://datacatalog.cookcountyil.gov/api/geospatial/p5v4-ncme?method=export&format=Shapefile,Cook County Open Data,Polygon,p5v4-ncme
d9ac3b29_5067_482f_8e91_523f8031b1cf,"Fire Protection Tax Districts: Cook County, Illinois, 2012",boundaries,"Fire Protection Taxing Districts in Cook County, Illinois for 2012.",Cook County GIS Department,Cook County Government,Cook County GIS Department,2014-03-10,2014-03-10,2012,,"Cook County, Illinois, United States|Illinois, United States",https://datacatalog.cookcountyil.gov/d/nwjq-xhcw,https://datacatalog.cookcountyil.gov/api/geospatial/nwjq-xhcw?method=export&format=Shapefile,Cook County Open Data,Polygon,nwjq-xhcw
93829cc4_b7cb_4cf1_8aca_98d7a40d3012,"Fire Protection Tax Districts: Cook County, Illinois, 2013",boundaries,"Fire Protection Taxing Districts in Cook County, Illinois for 2013.",Cook County GIS Department,Cook County Government,Cook County GIS Department,2015-12-14,2015-12-14,2013,,"Cook County, Illinois, United States|Illinois, United States",https://datacatalog.cookcountyil.gov/d/9f5i-sfa6,https://datacatalog.cookcountyil.gov/api/geospatial/9f5i-sfa6?method=export&format=Shapefile,Cook County Open Data,Polygon,9f5i-sfa6
ca7b0382_ecdf_4c26_b4c7_90f034b3058d,"Fire Protection Tax Districts: Cook County, Illinois, 2014",boundaries,"Fire Protection Taxing Districts in Cook County, Illinois for 2014.",Cook County GIS Department,Cook County Government,Cook County GIS Department,2015-12-14,2015-12-14,2014,,"Cook County, Illinois, United States|Illinois, United States",https://datacatalog.cookcountyil.gov/d/7vh7-f9gz,https://datacatalog.cookcountyil.gov/api/geospatial/7vh7-f9gz?method=export&format=Shapefile,Cook County Open Data,Polygon,7vh7-f9gz
4930be0f_2491_4c32_ad3a_d209cd62f9a2,"High School Tax Districts: Cook County, Illinois, 2012",boundaries,"High School Taxing Districts in Cook County, Illinois for 2012.",Cook County GIS Department,Cook County Government,Cook County GIS Department,2014-07-22,2014-07-22,2012,,"Cook County, Illinois, United States|Illinois, United States",https://datacatalog.cookcountyil.gov/d/yh6i-3pdt,https://datacatalog.cookcountyil.gov/api/geospatial/yh6i-3pdt?method=export&format=Shapefile,Cook County Open Data,Polygon,yh6i-3pdt
2413a63a_76fe_4988_867f_919ecc429b5b,"High School Tax Districts: Cook County, Illinois, 2013",boundaries,"High School Taxing Districts in Cook County, Illinois for 2013.",Cook County GIS Department,Cook County Government,Cook County GIS Department,2015-12-14,2015-12-14,2013,,"Cook County, Illinois, United States|Illinois, United States",https://datacatalog.cookcountyil.gov/d/d7n8-78xk,https://datacatalog.cookcountyil.gov/api/geospatial/d7n8-78xk?method=export&format=Shapefile,Cook County Open Data,Polygon,d7n8-78xk
8eb88fc1_57c7_441f_b4bd_0a7cedd66f92,"High School Tax Districts: Cook County, Illinois, 2014",boundaries,"High School Taxing Districts in Cook County, Illinois for 2014.",Cook County GIS Department,Cook County Government,Cook County GIS Department,2015-12-14,2015-12-14,2014,,"Cook County, Illinois, United States|Illinois, United States",https://datacatalog.cookcountyil.gov/d/9zsm-c6ah,https://datacatalog.cookcountyil.gov/api/geospatial/9zsm-c6ah?method=export&format=Shapefile,Cook County Open Data,Polygon,9zsm-c6ah
b67bcda4_d437_47f6_a2b8_a35d728a7c54,"Library Tax Districts: Cook County, Illinois, 2012",boundaries,"Library Taxing Districts in Cook County, Illinois for 2012.",Cook County GIS Department,Cook County Government,Cook County GIS Department,2014-03-10,2014-03-10,2012,,"Cook County, Illinois, United States|Illinois, United States",https://datacatalog.cookcountyil.gov/d/uj2i-iwt2,https://datacatalog.cookcountyil.gov/api/geospatial/uj2i-iwt2?method=export&format=Shapefile,Cook County Open Data,Polygon,uj2i-iwt2
9d31e04c_80f1_465e_aed4_b8da48cb3b27,"Library Tax Districts: Cook County, Illinois, 2013",boundaries,"Library Taxing Districts in Cook County, Illinois for 2013.",Cook County GIS Department,Cook County Government,Cook County GIS Department,2015-12-14,2015-12-14,2013,,"Cook County, Illinois, United States|Illinois, United States",https://datacatalog.cookcountyil.gov/d/5jkw-uax5,https://datacatalog.cookcountyil.gov/api/geospatial/5jkw-uax5?method=export&format=Shapefile,Cook County Open Data,Polygon,5jkw-uax5
e5594234_427b_4ab8_9b7d_76e1496b9625,"Library Tax Districts: Cook County, Illinois, 2014",boundaries,"Library Taxing Districts in Cook County, Illinois for 2014.",Cook County GIS Department,Cook County Government,Cook County GIS Department,2015-12-14,2015-12-14,2014,,"Cook County, Illinois, United States|Illinois, United States",https://datacatalog.cookcountyil.gov/d/bdwn-kmxv,https://datacatalog.cookcountyil.gov/api/geospatial/bdwn-kmxv?method=export&format=Shapefile,Cook County Open Data,Polygon,bdwn-kmxv
d5f0c47e_f6d3_4a27_a5f9_e063cbd883c1,"Metropolitan Water Reclamation Tax Districts: Cook County, 2014",boundaries,"Metropolitan Water Reclamation Taxing Districts in Cook County, Illinois for 2014.",Cook County GIS Department,Cook County Government,Cook County GIS Department,2015-12-14,2015-12-14,2014,,"Cook County, Illinois, United States|Illinois, United States",https://datacatalog.cookcountyil.gov/d/ihst-6dcv,https://datacatalog.cookcountyil.gov/api/geospatial/ihst-6dcv?method=export&format=Shapefile,Cook County Open Data,Polygon,ihst-6dcv
f3bebeea_37bd_4898_aa71_9ed44f8e4bca,"Metropolitan Water Reclamation Tax Districts: Cook County, Illinois, 2012",boundaries,"Metropolitan Water Reclamation Taxing Districts in Cook County, Illinois for 2012.",Cook County GIS Department,Cook County Government,Cook County GIS Department,2014-03-11,2014-03-11,2012,,"Cook County, Illinois, United States|Illinois, United States",https://datacatalog.cookcountyil.gov/d/pdzq-ueri,https://datacatalog.cookcountyil.gov/api/geospatial/pdzq-ueri?method=export&format=Shapefile,Cook County Open Data,Polygon,pdzq-ueri
539977e2_536c_481b_a7b7_62101af6f1e1,"Metropolitan Water Reclamation Tax Districts: Cook County, Illinois, 2013",boundaries,"Metropolitan Water Reclamation Taxing Districts in Cook County, Illinois for 2013.",Cook County GIS Department,Cook County Government,Cook County GIS Department,2015-12-14,2015-12-14,2013,,"Cook County, Illinois, United States|Illinois, United States",https://datacatalog.cookcountyil.gov/d/6d9g-gzdf,https://datacatalog.cookcountyil.gov/api/geospatial/6d9g-gzdf?method=export&format=Shapefile,Cook County Open Data,Polygon,6d9g-gzdf
882e1b8e_99d5_4bd9_bfd8_a8718cec5fa1,"Park Tax Districts: Cook County, Illinois, 2012",boundaries,"Park Taxing Districts within Cook County, Illinois for 2012.",Cook County GIS Department,Cook County Government,Cook County GIS Department,2014-03-11,2014-03-11,2012,,"Cook County, Illinois, United States|Illinois, United States",https://datacatalog.cookcountyil.gov/d/c73k-hv6s,https://datacatalog.cookcountyil.gov/api/geospatial/c73k-hv6s?method=export&format=Shapefile,Cook County Open Data,Polygon,c73k-hv6s
42bf6a26_031e_4f6e_9f5e_d2dc653c6530,"Park Tax Districts: Cook County, Illinois, 2013",boundaries,"Park Taxing Districts within Cook County, Illinois for 2013.",Cook County GIS Department,Cook County Government,Cook County GIS Department,2015-12-14,2015-12-14,2013,,"Cook County, Illinois, United States|Illinois, United States",https://datacatalog.cookcountyil.gov/d/vmn7-7rcc,https://datacatalog.cookcountyil.gov/api/geospatial/vmn7-7rcc?method=export&format=Shapefile,Cook County Open Data,Polygon,vmn7-7rcc
c2bbc9ef_216d_4362_8fdc_32d78851b5cf,"Park Tax Districts: Cook County, Illinois, 2014",boundaries,"Park Taxing Districts within Cook County, Illinois for 2014.",Cook County GIS Department,Cook County Government,Cook County GIS Department,2015-12-10,2015-12-10,2014,,"Cook County, Illinois, United States|Illinois, United States",https://datacatalog.cookcountyil.gov/d/54xy-ar3i,https://datacatalog.cookcountyil.gov/api/geospatial/54xy-ar3i?method=export&format=Shapefile,Cook County Open Data,Polygon,54xy-ar3i
984df3c8_f515_4bb7_a4b0_725af3579a9f,"Sanitary Tax Districts: Cook County, Illinois 2014",boundaries,"Sanitary Taxing Districts within Cook County, Illinois for 2014.",Cook County GIS Department,Cook County Government,Cook County GIS Department,2015-12-14,2015-12-14,2014,,"Cook County, Illinois, United States|Illinois, United States",https://datacatalog.cookcountyil.gov/d/5tki-78qv,https://datacatalog.cookcountyil.gov/api/geospatial/5tki-78qv?method=export&format=Shapefile,Cook County Open Data,Polygon,5tki-78qv
7659132f_aeef_48a2_8cb0_e48319d3336f,"Sanitary Tax Districts: Cook County, Illinois, 2012",boundaries,"Sanitary Taxing Districts within Cook County, Illinois for 2012.",Cook County GIS Department,Cook County Government,Cook County GIS Department,2014-03-11,2014-03-11,2012,,"Cook County, Illinois, United States|Illinois, United States",https://datacatalog.cookcountyil.gov/d/n5ze-yef7,https://datacatalog.cookcountyil.gov/api/geospatial/n5ze-yef7?method=export&format=Shapefile,Cook County Open Data,Polygon,n5ze-yef7
0aa3b8db_4902_4fd8_a799_575c96b80440,"Sanitary Tax Districts: Cook County, Illinois, 2013",boundaries,"Sanitary Taxing Districts within Cook County, Illinois for 2013.",Cook County GIS Department,Cook County Government,Cook County GIS Department,2015-12-14,2015-12-14,2013,,"Cook County, Illinois, United States|Illinois, United States",https://datacatalog.cookcountyil.gov/d/qvrg-swrr,https://datacatalog.cookcountyil.gov/api/geospatial/qvrg-swrr?method=export&format=Shapefile,Cook County Open Data,Polygon,qvrg-swrr
6600b499_d8f2_44c5_ac4c_05a4f9998ff2,"Unit School Tax Districts: Cook County, Illinois, 2012",boundaries,"Unit School Taxing Districts in Cook County, Illinois for 2012.",Cook County GIS Department,Cook County Government,Cook County GIS Department,2014-03-11,2014-03-11,2012,,"Cook County, Illinois, United States|Illinois, United States",https://datacatalog.cookcountyil.gov/d/9pjs-siys,https://datacatalog.cookcountyil.gov/api/geospatial/9pjs-siys?method=export&format=Shapefile,Cook County Open Data,Polygon,9pjs-siys
46c0039b_2d7e_4c04_8a31_5352d84e781f,"Unit School Tax Districts: Cook County, Illinois, 2013",boundaries,"Unit School Taxing Districts in Cook County, Illinois for 2012.",Cook County GIS Department,Cook County Government,Cook County GIS Department,2015-12-14,2015-12-14,2013,,"Cook County, Illinois, United States|Illinois, United States",https://datacatalog.cookcountyil.gov/d/6bgu-89x4,https://datacatalog.cookcountyil.gov/api/geospatial/6bgu-89x4?method=export&format=Shapefile,Cook County Open Data,Polygon,6bgu-89x4
f4c1adaa_d21e_4e5e_b98b_17b3522d685f,"Unit School Tax Districts: Cook County, Illinois, 2014",boundaries,"Unit School Taxing Districts in Cook County, Illinois for 2014.",Cook County GIS Department,Cook County Government,Cook County GIS Department,2015-12-15,2015-12-15,2014,,"Cook County, Illinois, United States|Illinois, United States",https://datacatalog.cookcountyil.gov/d/239w-pnii,https://datacatalog.cookcountyil.gov/api/geospatial/239w-pnii?method=export&format=Shapefile,Cook County Open Data,Polygon,239w-pnii
af340dd5_8680_40c5_bf20_c9607b70e508,"Water Drainage Tax Districts: Cook County, Illinois, 2012",boundaries,"Water drainage Taxing Districts in Cook County, Illinois for 2012.",Cook County GIS Department,Cook County Government,Cook County GIS Department,2014-03-10,2014-03-10,2012,,"Cook County, Illinois, United States|Illinois, United States",https://datacatalog.cookcountyil.gov/d/jgg3-4k3y,https://datacatalog.cookcountyil.gov/api/geospatial/jgg3-4k3y?method=export&format=Shapefile,Cook County Open Data,Polygon,jgg3-4k3y
dd544ee8_6533_4d6c_b66b_502610fee55d,"Tax Increment Financing (TIF) Districts: Cook County, Illinois, 2015",boundaries,"TIF District boundaries. TIF districts receive money from property taxes by utilizing increases in the value of properties located in the TIF. There is no tax rate for TIF districts. Instead, TIFs receive money based on tax rates generated by other districts' tax levies. Money is allocated to the TIF based on the composite tax rate for properties in the TIF and the incremental value of properties in that TIF (when compared to values when the TIF was established.)",Cook County GIS Department,Cook County Government,Cook County GIS Department,2016-08-09,2016-08-09,2015,,"Cook County, Illinois, United States|Illinois, United States",https://datacatalog.cookcountyil.gov/d/si4i-nrtg,https://datacatalog.cookcountyil.gov/api/geospatial/si4i-nrtg?method=export&format=Shapefile,Cook County Open Data,Polygon,si4i-nrtg
1e9d923f_b22d_48f7_becf_2a0590ca49d2,"Tax Increment Financing (TIF) Districts: Cook County, Illinois, 2016",boundaries,"TIF District boundaries. TIF districts receive money from property taxes by utilizing increases in the value of properties located in the TIF. There is no tax rate for TIF districts. Instead, TIFs receive money based on tax rates generated by other districts' tax levies. Money is allocated to the TIF based on the composite tax rate for properties in the TIF and the incremental value of properties in that TIF (when compared to values when the TIF was established).",Cook County GIS Department,Cook County Government,Cook County GIS Department,2017-07-20,2017-07-20,2016,,"Cook County, Illinois, United States|Illinois, United States",https://datacatalog.cookcountyil.gov/d/5dup-xpsj,https://datacatalog.cookcountyil.gov/api/geospatial/5dup-xpsj?method=export&format=Shapefile,Cook County Open Data,Polygon,5dup-xpsj
0a564871_9890_41bf_bb5a_dc6bc69e6514,"School Boundaries: Cook County, Illinois",boundaries|society,"The purpose of this dataset is to indicate the boundary of each school in Cook County, Illinois.",Cook County GIS Department,Cook County Government,Cook County GIS Department,2014-02-28,2014-02-28,,,"Cook County, Illinois, United States|Illinois, United States",https://datacatalog.cookcountyil.gov/d/deu8-tsbu,https://datacatalog.cookcountyil.gov/api/geospatial/deu8-tsbu?method=export&format=Shapefile,Cook County Open Data,Polygon,deu8-tsbu
cc9f25da_d950_4bc5_bd7c_fa379737543c,"School Points: Cook County, Illinois",location|structure|society,"The purpose of this dataset is to indicate a central location within (when a single feature) or among all the polygons (when a multi-part feature) that constitute that complete cultural feature area of each school in Cook County, Illinois.",Cook County GIS Department,Cook County Government,Cook County GIS Department,2014-02-28,2014-02-28,,,"Cook County, Illinois, United States|Illinois, United States",https://datacatalog.cookcountyil.gov/d/ppqn-4xhq,https://datacatalog.cookcountyil.gov/api/geospatial/ppqn-4xhq?method=export&format=Shapefile,Cook County Open Data,Point,ppqn-4xhq
ffec417d_9ab8_43b4_93e7_538ee1a2b587,"Hospital Boundaries: Cook County, Illinois, 2014",boundaries|structure|health,"The purpose of this dataset is to indicate the boundary of each hospital in Cook County, Illinois.",Cook County GIS Department,Cook County Government,Cook County GIS Department,2014-02-28,2014-02-28,,,"Cook County, Illinois, United States|Illinois, United States",https://datacatalog.cookcountyil.gov/d/x5rt-4k77,https://datacatalog.cookcountyil.gov/api/geospatial/x5rt-4k77?method=export&format=Shapefile,Cook County Open Data,Polygon,x5rt-4k77
edd59fb7_e680_45b2_b8e7_3adcb0aff8ee,"Hospital Points: Cook County, Illinois",location|health|structure,"The purpose of this dataset is to indicate a central location within (when a single feature) or among all the polygons (when a multi-part feature) that constitute that complete cultural feature area of each hospital in Cook County, Illinois.",Cook County GIS Department,Cook County Government,Cook County GIS Department,2014-02-28,2014-02-28,,,"Cook County, Illinois, United States|Illinois, United States",https://datacatalog.cookcountyil.gov/d/vsce-sdq2,https://datacatalog.cookcountyil.gov/api/geospatial/vsce-sdq2?method=export&format=Shapefile,Cook County Open Data,Point,vsce-sdq2
a5665d55_d099_4a84_befe_b6a0728edf7a,"Public Health District Boundaries: Cook County, Illinois",boundaries|health,"Cook County Department of Public Health Suburban Cook County District boundaries. This dataset contains municipal and township boundaries for Suburban Cook County with attributes designating what CCDPH district the area is in. The names in the ""DISTRICT"" field can be used to join with other Public Health Open Datasets on this portal. The ""CCDPHJURIS"" field states whether the area is part of CCDPH Jurisdiction.",Cook County GIS Department,Cook County Government,Cook County GIS Department,2017-04-14,2017-04-14,,,"Cook County, Illinois, United States|Illinois, United States",https://datacatalog.cookcountyil.gov/d/c7pv-dy44,https://datacatalog.cookcountyil.gov/api/geospatial/c7pv-dy44?method=export&format=Shapefile,Cook County Open Data,Polygon,c7pv-dy44
29786498_7b40_495d_a49f_1e537e186f96,"Municipal Incorporation Inventory: Cook County, Illinois, 2016",boundaries,"Department of GIS sponsored Municipal Incorporation Inventory (MII) project. The following agencies participated in this project: The Cook County Recorder of Deeds, Cook County Emergency Telephone System Board, Cook County Circuit Court, Archives Department, Cook County Department of Transportation and Highways, the Cook County Clerk's Office and the Illinois State Archives Office of the Secretary of State. The data is not guaranteed to be accurate, correct, or complete. Information provided should not be used as a substitute for legal, business, tax, or other professional advice. The recipient/viewer should contact appropriate regulating agencies to determine accuracy or suitability of the data for a particular use.",Cook County GIS Department,Cook County Government,Cook County GIS Department,2016-11-04,2016-11-04,,,"Cook County, Illinois, United States|Illinois, United States",https://datacatalog.cookcountyil.gov/d/d8vx-7fm3,https://datacatalog.cookcountyil.gov/api/geospatial/d8vx-7fm3?method=export&format=Shapefile,Cook County Open Data,Polygon,d8vx-7fm3
56d98370_8af5_4b05_9b9d_b2f3c748ba35,"Municipality Boundaries: Cook County, Illinois",boundaries|location,This Municipality Boundaries polygon dataset interprets the location and describes the boundaries of all municipalities and unincorporated areas within the borders of Cook County. Attribution for this dataset includes a municipality name and agency description.,Cook County GIS Department,Cook County Government,Cook County GIS Department,2014-01-03,2014-01-03,,,"Cook County, Illinois, United States|Illinois, United States",https://datacatalog.cookcountyil.gov/d/ta8t-zebk,https://datacatalog.cookcountyil.gov/api/geospatial/ta8t-zebk?method=export&format=Shapefile,Cook County Open Data,Polygon,ta8t-zebk
243097ab_0453_49d7_9720_ed7d6a517966,"Political Townships: Cook County, Illinois, 2012",boundaries|location,"Political Townships in Cook County, Illinois for 2012.",Cook County GIS Department,Cook County Government,Cook County GIS Department,2014-04-10,2014-04-10,2012,,"Cook County, Illinois, United States|Illinois, United States",https://datacatalog.cookcountyil.gov/d/8g58-nsrm,https://datacatalog.cookcountyil.gov/api/geospatial/8g58-nsrm?method=export&format=Shapefile,Cook County Open Data,Polygon,8g58-nsrm
f8dc1c9c_0a50_466e_b49c_2902babaa945,"Political Townships: Cook County, Illinois, 2013",boundaries|location,"Political Townships in Cook County, Illinois for 2013.",Cook County GIS Department,Cook County Government,Cook County GIS Department,2015-12-14,2015-12-14,2013,,"Cook County, Illinois, United States|Illinois, United States",https://datacatalog.cookcountyil.gov/d/dikj-9jrm,https://datacatalog.cookcountyil.gov/api/geospatial/dikj-9jrm?method=export&format=Shapefile,Cook County Open Data,Polygon,dikj-9jrm
4b0fa69b_a097_4ca7_bafd_e1e940db6732,"Political Townships: Cook County, Illinois, 2014",boundaries|location,"Political Townships in Cook County, Illinois for 2014.",Cook County GIS Department,Cook County Government,Cook County GIS Department,2015-12-15,2015-12-15,2014,,"Cook County, Illinois, United States|Illinois, United States",https://datacatalog.cookcountyil.gov/d/gds4-em3f,https://datacatalog.cookcountyil.gov/api/geospatial/gds4-em3f?method=export&format=Shapefile,Cook County Open Data,Polygon,gds4-em3f
99c8580c_9939_4452_93e0_140d133cbb26,"Cook County Commissioner District Boundaries and Offices: Cook County, Illinois",boundaries|location,"This mixed dataset containts Cook County, Illinois Commissioner District boundaries and point locations of commisioner offices.",Cook County GIS Department,Cook County Government,Cook County GIS Department,2015-07-24,2015-07-24,,,"Cook County, Illinois, United States|Illinois, United States",https://datacatalog.cookcountyil.gov/d/ihae-id2m,https://datacatalog.cookcountyil.gov/api/geospatial/ihae-id2m?method=export&format=Shapefile,Cook County Open Data,Polygon,ihae-id2m
b0361797_cc88_4dda_8fe4_5b034244d1a1,"Cook County Commissioner District Boundaries and Offices: Cook County, Illinois",location|boundaries,"This mixed dataset containts Cook County, Illinois Commissioner District boundaries and point locations of commisioner offices.",Cook County GIS Department,Cook County Government,Cook County GIS Department,2015-07-24,2015-07-24,,,"Cook County, Illinois, United States|Illinois, United States",https://datacatalog.cookcountyil.gov/d/ihae-id2m,https://datacatalog.cookcountyil.gov/api/geospatial/ihae-id2m?method=export&format=Shapefile,Cook County Open Data,Point,ihae-id2m
b1579c4e_5dc4_4f85_b37f_68cb339221a6,"Current Commissioner Districts: Cook County, Illinois, 2014",boundaries|society,"The purpose of this dataset is to indicate the boundary of each Commissioner district in Cook County, Illinois. These boundaries are based off of Census 2010 geographies, were adopted June 2012 and went into effect in December 2014 following the County Commissioner elections.",Cook County GIS Department,Cook County Government,Cook County GIS Department,2014-05-30,2014-05-30,2014,,"Cook County, Illinois, United States|Illinois, United States",https://datacatalog.cookcountyil.gov/d/vx2u-6dxj,https://datacatalog.cookcountyil.gov/api/geospatial/vx2u-6dxj?method=export&format=Shapefile,Cook County Open Data,Polygon,vx2u-6dxj
66809307_636d_49e2_82c2_bc082d735580,"Election Precinct Data: Cook County, Illinois, 2009-2011",boundaries,"This polygon dataset includes 2009 precincts used for all elections 2010 thru 2011 in Cook County, Illinois. The purpose of the feature class is to describe and locate election precincts in Cook County, Illinois for general use by the public and business requirements of the Cook County Election Department, the Clerk's Office, and the Illinois Board of Elections.",Cook County GIS Department,Cook County Government,Cook County GIS Department,2016-07-15,2016-07-15,2009,2011,"Cook County, Illinois, United States|Illinois, United States",https://datacatalog.cookcountyil.gov/d/cj55-yk65,https://datacatalog.cookcountyil.gov/api/geospatial/cj55-yk65?method=export&format=Shapefile,Cook County Open Data,Polygon,cj55-yk65
b5a6ca72_4934_4b9f_acd7_98bf4ee8b378,"Election Precinct Data: Cook County, Illinois, 2011-2015",boundaries,"This data includes 2011 precincts used for all elections 2012 thru 2015. The purpose of the feature class is to describe and locate election precincts in Cook County, Illinois for general use by the public and business requirements of the Cook County Election Department, the Clerk's Office, and the Illinois Board of Elections.",Cook County GIS Department,Cook County Government,Cook County GIS Department,2016-07-15,2016-07-15,2011,2015,"Cook County, Illinois, United States|Illinois, United States",https://datacatalog.cookcountyil.gov/d/trqg-itvx,https://datacatalog.cookcountyil.gov/api/geospatial/trqg-itvx?method=export&format=Shapefile,Cook County Open Data,Polygon,trqg-itvx
f2686f23_7877_4d6b_950e_c7bbfbe73ade,"Election Precinct Data: Cook County, Illinois, 2015-2016",boundaries,"This polygon dataset consists of 2015 precincts used for the 2016 primary and general elections in Cook County, Illinois. The purpose of the feature class is to describe and locate election precincts in Cook County, Illinois for general use by the public and business requirements of the Cook County Election Department, the Clerk's Office, and the Illinois Board of Elections.",Cook County GIS Department,Cook County Government,Cook County GIS Department,2016-07-15,2016-07-15,2015,2016,"Cook County, Illinois, United States|Illinois, United States",https://datacatalog.cookcountyil.gov/d/mtie-43p4,https://datacatalog.cookcountyil.gov/api/geospatial/mtie-43p4?method=export&format=Shapefile,Cook County Open Data,Polygon,mtie-43p4
d4a85674_398d_4195_ba60_dda759c1a942,"Judicial District Subciruits: Cook County, Illinois",boundaries,"The purpose of the polygon dataset is to interpret the location of and describe judicial subcircuits in Cook County, Illinois.",Cook County GIS Department,Cook County Government,Cook County GIS Department,2014-06-03,2014-06-03,,,"Cook County, Illinois, United States|Illinois, United States",https://datacatalog.cookcountyil.gov/d/54r3-ikn3,https://datacatalog.cookcountyil.gov/api/geospatial/54r3-ikn3?method=export&format=Shapefile,Cook County Open Data,Polygon,54r3-ikn3
1372e27a_dc10_4dfb_8bef_7f1a64570ef2,"State Representative District Boundaries: Cook County, Illinois, 2010",boundaries,"Cook County, IL State Representative Districts based on Census 2010.",Cook County GIS Department,Cook County Government,Cook County GIS Department,2014-06-02,2014-06-02,,,"Cook County, Illinois, United States|Illinois, United States",https://datacatalog.cookcountyil.gov/d/gsew-ir9y,https://datacatalog.cookcountyil.gov/api/geospatial/gsew-ir9y?method=export&format=Shapefile,Cook County Open Data,Polygon,gsew-ir9y
473e334f_077e_4105_afc8_e978ed890e02,"State Senate District Boundaries: Cook County, Illinois, 2010",boundaries,"Cook County, Illinois State Senate Districts based on Census 2010.",Cook County GIS Department,Cook County Government,Cook County GIS Department,2014-06-02,2014-06-02,2010,,"Cook County, Illinois, United States|Illinois, United States",https://datacatalog.cookcountyil.gov/d/ezne-sr8y,https://datacatalog.cookcountyil.gov/api/geospatial/ezne-sr8y?method=export&format=Shapefile,Cook County Open Data,Polygon,ezne-sr8y
189a62b0_d55e_4a20_b628_a15688064d34,"U.S. Congressional Districts: Cook County, Illinois",boundaries|society,"U.S. Congressional Districts for Cook County, Illinois based on Census 2010.",Cook County GIS Department,Cook County Government,Cook County GIS Department,2014-06-02,2014-06-02,,,"Cook County, Illinois, United States|Illinois, United States",https://datacatalog.cookcountyil.gov/d/jh56-md8x,https://datacatalog.cookcountyil.gov/api/geospatial/jh56-md8x?method=export&format=Shapefile,Cook County Open Data,Polygon,jh56-md8x
3682fc0e_979b_4b5e_9ee6_15f4e1906899,"Historical Commissioner Districts: Cook County, Illinois, 2000",boundaries|society,"Historical data. For current boundaries see https://datacatalog.cookcountyil.gov/id/vx2u-6dxj. The purpose of this dataset is to indicate the boundary of each Commissioner district in Cook County, Illinois. These boundaries are based off of Census 2000 geographies and were in effect until the December 2014 County Commissioner elections.",Cook County GIS Department,Cook County Government,Cook County GIS Department,2014-05-30,2014-05-30,2000,,"Cook County, Illinois, United States|Illinois, United States",https://datacatalog.cookcountyil.gov/d/26nm-wd5q,https://datacatalog.cookcountyil.gov/api/geospatial/26nm-wd5q?method=export&format=Shapefile,Cook County Open Data,Polygon,26nm-wd5q
6d3e8a8b_35c2_41c3_ad16_058072cc83e3,"Highway Jurisdiction: Cook County, Illinois",transportation,"This line dataset contains roads under Cook County, Illinois jurisdiction. The MAINT attribute is ""True"" for roads maintained by the County. The data is updated as needed.",Cook County GIS Department,Cook County Government,Cook County GIS Department,2015-06-22,2015-06-22,,,"Cook County, Illinois, United States|Illinois, United States",https://datacatalog.cookcountyil.gov/d/xwwf-iwgu,https://datacatalog.cookcountyil.gov/api/geospatial/xwwf-iwgu?method=export&format=Shapefile,Cook County Open Data,Line,xwwf-iwgu
d6916ecd_707c_41b2_8f9a_3a9901fcc2b4,"Lakes and Rivers: Cook County, Illinois",Inland waters,"The Lakes and Rivers hydrographic polygon data layer was created to accurately depict the location and shape of flowing water features greater than five feet in width and major standing water bodies in Cook County, Illinois.",Cook County GIS Department,Cook County Government,Cook County GIS Department,2015-07-09,2015-07-09,,,"Cook County, Illinois, United States|Illinois, United States",https://datacatalog.cookcountyil.gov/d/kpef-5dtn,https://datacatalog.cookcountyil.gov/api/geospatial/kpef-5dtn?method=export&format=Shapefile,Cook County Open Data,Polygon,kpef-5dtn
0bf7e260_1e61_41c8_a072_a42f01bc0ebc,"Rivers and Streams: Cook County, Illinois, 2015",Inland waters,"The Rivers and Streams line dataset represents, as a single line, the interpreted midline of flowing water features as seen on the aerial photography.",Cook County GIS Department,Cook County Government,Cook County GIS Department,2015-07-09,2015-07-09,,,"Cook County, Illinois, United States|Illinois, United States",https://datacatalog.cookcountyil.gov/d/sbwa-jayd,https://datacatalog.cookcountyil.gov/api/geospatial/sbwa-jayd?method=export&format=Shapefile,Cook County Open Data,Line,sbwa-jayd
71ec26b8_7d05_4907_92e4_f8758ed9b864,"Cemetery Points: Cook County, Illinois",location|society,"The purpose of this dataset is to indicate a central location within (when a single feature) or among all the polygons (when a multi-part feature) that constitute that complete cultural feature area of each cemetery in Cook County, Illinois.",Cook County GIS Department,Cook County Government,Cook County GIS Department,2014-02-28,2014-02-28,,,"Cook County, Illinois, United States|Illinois, United States",https://datacatalog.cookcountyil.gov/d/grai-4xdq,https://datacatalog.cookcountyil.gov/api/geospatial/grai-4xdq?method=export&format=Shapefile,Cook County Open Data,Point,grai-4xdq
1a353267_eb34_463c_9364_70c8b29ae157,"Park Boundaries: Cook County, Illinois",boundaries|society,"The purpose of this dataset is to indicate the boundary of each park in Cook County, Illinois.",Cook County GIS Department,Cook County Government,Cook County GIS Department,2014-04-02,2014-04-02,,,"Cook County, Illinois, United States|Illinois, United States",https://datacatalog.cookcountyil.gov/d/husy-x7zf,https://datacatalog.cookcountyil.gov/api/geospatial/husy-x7zf?method=export&format=Shapefile,Cook County Open Data,Polygon,husy-x7zf
e2b4b78c_5394_431f_b782_9f16c3820db4,"Park Points: Cook County, Illinois",location|society,"Point features of parks in Cook County, Illinois. A park point feature is based upon the centroid of the complete property boundary of a park polygon feature.",Cook County GIS Department,Cook County Government,Cook County GIS Department,2014-04-02,2014-04-02,,,"Cook County, Illinois, United States|Illinois, United States",https://datacatalog.cookcountyil.gov/d/8emr-9ndy,https://datacatalog.cookcountyil.gov/api/geospatial/8emr-9ndy?method=export&format=Shapefile,Cook County Open Data,Point,8emr-9ndy
f98b6d0d_c7dc_4b1e_9d39_d99741733430,"Public Land Survey System Sections: Cook County, Illinois, 2014",Planning cadastre|boundaries,"The PLSS data is modeled as a single composite network coverage that encompasses townships (area), sections (subarea), quarter sections, and half quarter section. If an indigenous people's reserve was present on the tax map, it was digitized to create subpolygons of the half-quarter section, and those polygons were attributed with the name of the reserve. Within this PLSS data set, a half-quarter section is the smallest polygon unit, except in cases where an Indigenous People's Reserve line is present.",Cook County GIS Department,Cook County Government,Cook County GIS Department,2014-01-31,2014-01-31,,,"Cook County, Illinois, United States|Illinois, United States",https://datacatalog.cookcountyil.gov/d/jw39-s5cv,https://datacatalog.cookcountyil.gov/api/geospatial/jw39-s5cv?method=export&format=Shapefile,Cook County Open Data,Polygon,jw39-s5cv
d97ca34a_f54c_4b65_a7a7_a6081bc0f2ec,"Public Land Survey System Township Areas: Cook County, Illinois, 2014",Planning cadastre,"The Public Land Survey System (PLSS) forms the foundation of Cook County's cadastral system for identifying and locating land records. Tax parcels are identified using township and section notation, in a modified format. This PLSS feature data set is intended to correspond to tax pages in the Cook County Assessor's Tax Map book (current as of tax year 2000 for 66% of the County and as of tax year 2001 for the remaining 33% of the County), and should not be used for measurement or surveyor purposes. In addition, the parcel attributes PINA (area/township) and PINSA (subarea/section) do not necessarily correspond to the PLSS township and section polygon in which a given parcel resides. The PLSS data is modeled as a single composite network coverage that encompasses townships (area), sections (subarea), quarter sections, and half quarter section.",Cook County GIS Department,Cook County Government,Cook County GIS Department,2014-01-31,2014-01-31,2014,,"Cook County, Illinois, United States|Illinois, United States",https://datacatalog.cookcountyil.gov/d/tdr3-fqnq,https://datacatalog.cookcountyil.gov/api/geospatial/tdr3-fqnq?method=export&format=Shapefile,Cook County Open Data,Polygon,tdr3-fqnq
a5851c0d_a06c_4c2c_802d_d759116ba730,"Tax Exempt Rights-of-Way Plats: Cook County, Illinois, 2012",Planning cadastre,"The feature class Right-of-Way indicates tax exempt rights-of-way digitized from recorded plats in Cook County, Illinois for 2012.",Cook County GIS Department,Cook County Government,Cook County GIS Department,2014-04-30,2014-04-30,2012,,"Cook County, Illinois, United States|Illinois, United States",https://datacatalog.cookcountyil.gov/d/qxn3-68ki,https://datacatalog.cookcountyil.gov/api/geospatial/qxn3-68ki?method=export&format=Shapefile,Cook County Open Data,Polygon,qxn3-68ki
cbe34c1a_df7c_4f77_be08_e03d1126b761,"Tax Exempt Rights-of-Way Plats: Cook County, Illinois, 2013",Planning cadastre,"The feature class Right-of-Way indicates tax exempt rights-of-way digitized from recorded plats in Cook County, Illinois for 2013.",Cook County GIS Department,Cook County Government,Cook County GIS Department,2015-12-14,2015-12-14,2013,,"Cook County, Illinois, United States|Illinois, United States",https://datacatalog.cookcountyil.gov/d/58jc-nkxf,https://datacatalog.cookcountyil.gov/api/geospatial/58jc-nkxf?method=export&format=Shapefile,Cook County Open Data,Polygon,58jc-nkxf
d644259a_188c_4aa5_9682_43a5c9a7278d,"Tax Exempt Rights-of-Way Plats: Cook County, Illinois, 2014",Planning cadastre,"The feature class Right-of-Way indicates tax exempt rights-of-way digitized from recorded plats in Cook County, Illinois for 2014.",Cook County GIS Department,Cook County Government,Cook County GIS Department,2015-12-15,2015-12-15,2014,,"Cook County, Illinois, United States|Illinois, United States",https://datacatalog.cookcountyil.gov/d/6ytg-mpcv,https://datacatalog.cookcountyil.gov/api/geospatial/6ytg-mpcv?method=export&format=Shapefile,Cook County Open Data,Polygon,6ytg-mpcv
494638c6_8413_4a5f_9eff_2398652ef82c,"Tax Exempt Rights-of-Way Plats: Cook County, Illinois, 2015",Planning cadastre,"The feature class Right-of-Way indicates tax exempt rights-of-way digitized from recorded plats in Cook County, Illinois for 2015.",Cook County GIS Department,Cook County Government,Cook County GIS Department,2016-08-04,2016-08-04,2015,,"Cook County, Illinois, United States|Illinois, United States",https://datacatalog.cookcountyil.gov/d/ncd7-awz3,https://datacatalog.cookcountyil.gov/api/geospatial/ncd7-awz3?method=export&format=Shapefile,Cook County Open Data,Polygon,ncd7-awz3
3616c359_1437_45e0_b55b_b41d8f6a24cf,"Unincorporated Zoning District Boundaries: Cook County, Illinois",boundaries,"This is a polygon dataset of Unincorporated Zoning District Boundaries (Aggregate) for Cook County, Illinois. This data is provided by the Cook County Dept. Of Building and Zoning and is maintained by the Cook County Zoning Board of Appeals._x000D_Only unincorporated district boundaries are available, please contact specific municipalities for questions regarding incorporated municipal zoning districts.",Cook County GIS Department,Cook County Government,Cook County GIS Department,2014-12-23,2014-12-23,,,"Cook County, Illinois, United States|Illinois, United States",https://datacatalog.cookcountyil.gov/d/kbr6-dyec,https://datacatalog.cookcountyil.gov/api/geospatial/kbr6-dyec?method=export&format=Shapefile,Cook County Open Data,Polygon,kbr6-dyec
53ce689b_0fe5_4ef9_b12e_20888cea2ead,"Unincorporated Zoning Districts by Parcel: Cook County, Illinois",boundaries,"This is a polygon dataset of Unincorporated Zoning District Boundaries by parcel.  This data is provided by the Cook County Dept. Of Building and Zoning and is maintained by the Cook County Zoning Board of Appeals. Only unincorporated district boundaries are available, please contact specific municipalities for questions regarding incorporated municipal zoning districts.",Cook County GIS Department,Cook County Government,Cook County GIS Department,2014-12-23,2014-12-23,,,"Cook County, Illinois, United States|Illinois, United States",https://datacatalog.cookcountyil.gov/d/yfrq-5u2e,https://datacatalog.cookcountyil.gov/api/geospatial/yfrq-5u2e?method=export&format=Shapefile,Cook County Open Data,Polygon,yfrq-5u2e
c093a1d0_4e05_481f_909d_73ff80a4695f,"Public Land Survey System Tax Map Township Lines: Cook County, Illinois, 2014",Planning cadastre|Inland waters,"The Public Land Survey System Tax Map Township Lines for Cook County, Illinois is the county's system of tax maps based on the Illinois Public Land Survey System (PLSS). In the PLSS, each township is divided into 36 sections, and each section into four quarter-sections. A quarter-section is further divided into two tax map sheets, often called 'pages'. Each tax map (1/4 mile by 1/2 mile) represents the east or west half of one quarter-section, and typically there are eight tax maps per section. The dataset was originally published in 2002 and is updated as needed, most recently in 2016.",Cook County GIS Department,Cook County Government,Cook County GIS Department,2014-01-31,2014-01-31,2014,,"Cook County, Illinois, United States|Illinois, United States",https://datacatalog.cookcountyil.gov/d/xs8n-z2vy,https://datacatalog.cookcountyil.gov/api/geospatial/xs8n-z2vy?method=export&format=Shapefile,Cook County Open Data,Line,xs8n-z2vy
18a36d4c_e81a_4a21_a4ef_3ceb1cd2f06a,"Tax Parcel Polygons, Cook County, Illinois, 2013",boundaries,"The Tax Parcel Polygons dataset contains tax parcel polygons for the 20013 property tax assessment in Cook County, Illinois. This feature reflects tax parcel polygons as they existed from 1/1/2013 through 12/31/2013. Each parcel is uniquely identified with a Property Index Number (PIN).",Cook County GIS Department,Cook County Government,Cook County GIS Department,2015-04-02,2015-04-02,2013,,"Cook County, Illinois, United States|Illinois, United States",https://datacatalog.cookcountyil.gov/d/5i2c-y2u6,https://datacatalog.cookcountyil.gov/api/geospatial/5i2c-y2u6?method=export&format=Shapefile,Cook County Open Data,Polygon,5i2c-y2u6
eed47c95_b178_423b_a70d_7ff01c534e74,"Tax Parcel Polygons: Cook County, Illinois, 2000",boundaries,"The Tax Parcel Polygons dataset contains tax parcel polygons for the 2000 property tax assessment in Cook County, Illinois. This feature reflects tax parcel polygons as they existed from 1/1/2000 through 12/31/2000. Each parcel is uniquely identified with a Property Index Number (PIN).",Cook County GIS Department,Cook County Government,Cook County GIS Department,2016-03-31,2016-03-31,2000,,"Cook County, Illinois, United States|Illinois, United States",https://datacatalog.cookcountyil.gov/d/x2ib-rt29,https://datacatalog.cookcountyil.gov/api/geospatial/x2ib-rt29?method=export&format=Shapefile,Cook County Open Data,Polygon,x2ib-rt29
e339f0fb_2699_453d_8af6_f3314347dea4,"Tax Parcel Polygons: Cook County, Illinois, 2001",boundaries,"The Tax Parcel Polygons dataset contains tax parcel polygons for the 2001 property tax assessment in Cook County, Illinois. This feature reflects tax parcel polygons as they existed from 1/1/2001 through 12/31/2001. Each parcel is uniquely identified with a Property Index Number (PIN).",Cook County GIS Department,Cook County Government,Cook County GIS Department,2016-03-31,2016-03-31,2001,,"Cook County, Illinois, United States|Illinois, United States",https://datacatalog.cookcountyil.gov/d/i2km-7cwi,https://datacatalog.cookcountyil.gov/api/geospatial/i2km-7cwi?method=export&format=Shapefile,Cook County Open Data,Polygon,i2km-7cwi
474601d5_99d6_4ad6_8467_e157476fa7ee,"Tax Parcel Polygons: Cook County, Illinois, 2002",boundaries,"The Tax Parcel Polygons dataset contains tax parcel polygons for the 2002 property tax assessment in Cook County, Illinois. This feature reflects tax parcel polygons as they existed from 1/1/2002 through 12/31/2002. Each parcel is uniquely identified with a Property Index Number (PIN).",Cook County GIS Department,Cook County Government,Cook County GIS Department,2016-03-31,2016-03-31,2002,,"Cook County, Illinois, United States|Illinois, United States",https://datacatalog.cookcountyil.gov/d/3wb8-2she,https://datacatalog.cookcountyil.gov/api/geospatial/3wb8-2she?method=export&format=Shapefile,Cook County Open Data,Polygon,3wb8-2she
a791e8f9_ad21_4c78_91f3_c85cde66ff86,"Tax Parcel Polygons: Cook County, Illinois, 2003",boundaries,"The Tax Parcel Polygons dataset contains tax parcel polygons for the 2003 property tax assessment in Cook County, Illinois. This feature reflects tax parcel polygons as they existed from 1/1/2003 through 12/31/2003. Each parcel is uniquely identified with a Property Index Number (PIN).",Cook County GIS Department,Cook County Government,Cook County GIS Department,2016-03-31,2016-03-31,2003,,"Cook County, Illinois, United States|Illinois, United States",https://datacatalog.cookcountyil.gov/d/gcqr-kbqq,https://datacatalog.cookcountyil.gov/api/geospatial/gcqr-kbqq?method=export&format=Shapefile,Cook County Open Data,Polygon,gcqr-kbqq
eb816cb7_d74b_4f1a_bc1a_b2e597d30015,"Tax Parcel Polygons: Cook County, Illinois, 2004",boundaries,"The Tax Parcel Polygons dataset contains tax parcel polygons for the 2004 property tax assessment in Cook County, Illinois. This feature reflects tax parcel polygons as they existed from 1/1/2004 through 12/31/2004. Each parcel is uniquely identified with a Property Index Number (PIN).",Cook County GIS Department,Cook County Government,Cook County GIS Department,2016-03-31,2016-03-31,2004,,"Cook County, Illinois, United States|Illinois, United States",https://datacatalog.cookcountyil.gov/d/6jt3-ndyu,https://datacatalog.cookcountyil.gov/api/geospatial/6jt3-ndyu?method=export&format=Shapefile,Cook County Open Data,Polygon,6jt3-ndyu
ce77ee0a_8f01_4dc3_9683_0ace2cff34cb,"Tax Parcel Polygons: Cook County, Illinois, 2005",boundaries,"The Tax Parcel Polygons dataset contains tax parcel polygons for the 2005 property tax assessment in Cook County, Illinois. This feature reflects tax parcel polygons as they existed from 1/1/2005 through 12/31/2005. Each parcel is uniquely identified with a Property Index Number (PIN).",Cook County GIS Department,Cook County Government,Cook County GIS Department,2016-03-31,2016-03-31,2005,,"Cook County, Illinois, United States|Illinois, United States",https://datacatalog.cookcountyil.gov/d/f42p-dbfm,https://datacatalog.cookcountyil.gov/api/geospatial/f42p-dbfm?method=export&format=Shapefile,Cook County Open Data,Polygon,f42p-dbfm
e0b49151_ed12_455c_9154_b60f2d793ffd,"Tax Parcel Polygons: Cook County, Illinois, 2006",boundaries,"The Tax Parcel Polygons dataset contains tax parcel polygons for the 2006 property tax assessment in Cook County, Illinois. This feature reflects tax parcel polygons as they existed from 1/1/2006 through 12/31/2006. Each parcel is uniquely identified with a Property Index Number (PIN).",Cook County GIS Department,Cook County Government,Cook County GIS Department,2016-03-10,2016-03-10,2006,,"Cook County, Illinois, United States|Illinois, United States",https://datacatalog.cookcountyil.gov/d/r5e4-5wi6,https://datacatalog.cookcountyil.gov/api/geospatial/r5e4-5wi6?method=export&format=Shapefile,Cook County Open Data,Polygon,r5e4-5wi6
6c70c200_edbe_4d90_8819_69cf458c547d,"Tax Parcel Polygons: Cook County, Illinois, 2007",boundaries,"The Tax Parcel Polygons dataset contains tax parcel polygons for the 2007 property tax assessment in Cook County, Illinois. This feature reflects tax parcel polygons as they existed from 1/1/2007 through 12/31/2007. Each parcel is uniquely identified with a Property Index Number (PIN).",Cook County GIS Department,Cook County Government,Cook County GIS Department,2016-03-10,2016-03-10,2007,,"Cook County, Illinois, United States|Illinois, United States",https://datacatalog.cookcountyil.gov/d/mvxv-d4di,https://datacatalog.cookcountyil.gov/api/geospatial/mvxv-d4di?method=export&format=Shapefile,Cook County Open Data,Polygon,mvxv-d4di
a1b05400_a971_4381_b3e7_e04aab37eaa6,"Tax Parcel Polygons: Cook County, Illinois, 2008",boundaries,"The Tax Parcel Polygons dataset contains tax parcel polygons for the 2008 property tax assessment in Cook County, Illinois. This feature reflects tax parcel polygons as they existed from 1/1/2008 through 12/31/2008. Each parcel is uniquely identified with a Property Index Number (PIN).",Cook County GIS Department,Cook County Government,Cook County GIS Department,2016-03-10,2016-03-10,2008,,"Cook County, Illinois, United States|Illinois, United States",https://datacatalog.cookcountyil.gov/d/54r5-cenp,https://datacatalog.cookcountyil.gov/api/geospatial/54r5-cenp?method=export&format=Shapefile,Cook County Open Data,Polygon,54r5-cenp
713f1820_c416_412b_a3df_7dd3fe9e4306,"Tax Parcel Polygons: Cook County, Illinois, 2009",boundaries,"The Tax Parcel Polygons dataset contains tax parcel polygons for the 2009 property tax assessment in Cook County, Illinois. This feature reflects tax parcel polygons as they existed from 1/1/2009 through 12/31/2009. Each parcel is uniquely identified with a Property Index Number (PIN).",Cook County GIS Department,Cook County Government,Cook County GIS Department,2016-03-10,2016-03-10,2009,,"Cook County, Illinois, United States|Illinois, United States",https://datacatalog.cookcountyil.gov/d/5rc6-e9r6,https://datacatalog.cookcountyil.gov/api/geospatial/5rc6-e9r6?method=export&format=Shapefile,Cook County Open Data,Polygon,5rc6-e9r6
e7eb7f21_bc28_497f_89e6_68c39a92abab,"Tax Parcel Polygons: Cook County, Illinois, 2010",boundaries,"The Tax Parcel Polygons dataset contains tax parcel polygons for the 2010 property tax assessment in Cook County, Illinois. This feature reflects tax parcel polygons as they existed from 1/1/2010 through 12/31/2010. Each parcel is uniquely identified with a Property Index Number (PIN).",Cook County GIS Department,Cook County Government,Cook County GIS Department,2016-03-10,2016-03-10,2010,,"Cook County, Illinois, United States|Illinois, United States",https://datacatalog.cookcountyil.gov/d/fgrb-v8fq,https://datacatalog.cookcountyil.gov/api/geospatial/fgrb-v8fq?method=export&format=Shapefile,Cook County Open Data,Polygon,fgrb-v8fq
33c9a078_c996_4060_a8a3_a3bdd7c54a91,"Tax Parcel Polygons: Cook County, Illinois, 2011",boundaries,"The Tax Parcel Polygons dataset contains tax parcel polygons for the 2011 property tax assessment in Cook County, Illinois. This feature reflects tax parcel polygons as they existed from 1/1/2011 through 12/31/2011. Each parcel is uniquely identified with a Property Index Number (PIN).",Cook County GIS Department,Cook County Government,Cook County GIS Department,2016-03-10,2016-03-10,2011,,"Cook County, Illinois, United States|Illinois, United States",https://datacatalog.cookcountyil.gov/d/9u3u-ac9c,https://datacatalog.cookcountyil.gov/api/geospatial/9u3u-ac9c?method=export&format=Shapefile,Cook County Open Data,Polygon,9u3u-ac9c
d87b0451_fabe_4a7a_9109_359767363553,"Tax Parcel Polygons: Cook County, Illinois, 2012",boundaries,"The Tax Parcel Polygons dataset contains tax parcel polygons for the 20012 property tax assessment in Cook County, Illinois. This feature reflects tax parcel polygons as they existed from 1/1/2012 through 12/31/2012. Each parcel is uniquely identified with a Property Index Number (PIN).",Cook County GIS Department,Cook County Government,Cook County GIS Department,2014-03-07,2014-03-07,2012,,"Cook County, Illinois, United States|Illinois, United States",https://datacatalog.cookcountyil.gov/d/e62c-6rz8,https://datacatalog.cookcountyil.gov/api/geospatial/e62c-6rz8?method=export&format=Shapefile,Cook County Open Data,Polygon,e62c-6rz8
a285c5fb_716c_41c0_beab_68feb550765a,"Tax Parcel Polygons: Cook County, Illinois, 2014",boundaries,"The Tax Parcel Polygons dataset contains tax parcel polygons for the 20014 property tax assessment in Cook County, Illinois. This feature reflects tax parcel polygons as they existed from 1/1/2014 through 12/31/2014. Each parcel is uniquely identified with a Property Index Number (PIN).",Cook County GIS Department,Cook County Government,Cook County GIS Department,2015-11-06,2015-11-06,2014,,"Cook County, Illinois, United States|Illinois, United States",https://datacatalog.cookcountyil.gov/d/2m9h-cq6j,https://datacatalog.cookcountyil.gov/api/geospatial/2m9h-cq6j?method=export&format=Shapefile,Cook County Open Data,Polygon,2m9h-cq6j
eb6bb22c_e85f_4c0e_af63_806fef08d014,"Tax Parcel Polygons: Cook County, Illinois, 2015",boundaries,"The Tax Parcel Polygons dataset contains tax parcel polygons for the 2015 property tax assessment in Cook County, Illinois. This feature reflects tax parcel polygons as they existed from 1/1/2015 through 12/31/2015. Each parcel is uniquely identified with a Property Index Number (PIN).",Cook County GIS Department,Cook County Government,Cook County GIS Department,2016-08-04,2016-08-04,2015,,"Cook County, Illinois, United States|Illinois, United States",https://datacatalog.cookcountyil.gov/d/nxb6-rw3s,https://datacatalog.cookcountyil.gov/api/geospatial/nxb6-rw3s?method=export&format=Shapefile,Cook County Open Data,Polygon,nxb6-rw3s
9c7a30df_e142_4d3b_b77e_87a41ed23999,"Taxable Property Polygons: Cook County, Illinois, 2012",boundaries|Planning cadastre,"This polygon dataset indicates taxable properties in Cook County, Illinois for 2012. The feature class LOT contains lot polygons as shown on the tax map.",Cook County GIS Department,Cook County Government,Cook County GIS Department,2014-03-10,2014-03-10,2012,,"Cook County, Illinois, United States|Illinois, United States",https://datacatalog.cookcountyil.gov/d/midq-8zgd,https://datacatalog.cookcountyil.gov/api/geospatial/midq-8zgd?method=export&format=Shapefile,Cook County Open Data,Polygon,midq-8zgd
fa5185e1_f224_486a_9e63_2db9473a5f27,"Taxable Property Polygons: Cook County, Illinois, 2013",Planning cadastre|boundaries,"This polygon dataset indicates taxable properties in Cook County, Illinois for 2013. The feature class LOT contains lot polygons as shown on the tax map.",Cook County GIS Department,Cook County Government,Cook County GIS Department,2015-12-14,2015-12-14,2013,,"Cook County, Illinois, United States|Illinois, United States",https://datacatalog.cookcountyil.gov/d/qjpe-upap,https://datacatalog.cookcountyil.gov/api/geospatial/qjpe-upap?method=export&format=Shapefile,Cook County Open Data,Polygon,qjpe-upap
4adf95df_ad4c_4647_8320_47b6a9859050,"Taxable Property Polygons: Cook County, Illinois, 2014",boundaries|Planning cadastre,"This polygon dataset indicates taxable properties in Cook County, Illinois for 2014. The feature class LOT contains lot polygons as shown on the tax map.",Cook County GIS Department,Cook County Government,Cook County GIS Department,2015-12-15,2015-12-15,2014,,"Cook County, Illinois, United States|Illinois, United States",https://datacatalog.cookcountyil.gov/d/2vjk-wpfr,https://datacatalog.cookcountyil.gov/api/geospatial/2vjk-wpfr?method=export&format=Shapefile,Cook County Open Data,Polygon,2vjk-wpfr
1e321d92_158e_4a12_b5ba_8c646a4762a9,"Taxable Property Polygons: Cook County, Illinois, 2015",boundaries|Planning cadastre,"This polygon dataset indicates taxable properties in Cook County, Illinois for 2015. The feature class LOT contains lot polygons as shown on the tax map.",Cook County GIS Department,Cook County Government,Cook County GIS Department,2016-08-04,2016-08-04,2015,,"Cook County, Illinois, United States|Illinois, United States",https://datacatalog.cookcountyil.gov/d/wwzc-wmut,https://datacatalog.cookcountyil.gov/api/geospatial/wwzc-wmut?method=export&format=Shapefile,Cook County Open Data,Polygon,wwzc-wmut
e13030d5_72e1_4a8c_897b_8ac3cc4449ec,"Cemetery Boundaries: Cook County, Illinois",boundaries|society,"The Cemetery Boundaries is a polygon dataset indicating the boundary of each cemetery in Cook County, Illinois.",Cook County GIS Department,Cook County Government,Cook County GIS Department,2014-02-28,2014-02-28,,,"Cook County, Illinois, United States|Illinois, United States",https://datacatalog.cookcountyil.gov/d/h3d6-h2wb,https://datacatalog.cookcountyil.gov/api/geospatial/h3d6-h2wb?method=export&format=Shapefile,Cook County Open Data,Polygon,h3d6-h2wb
899614a6_f3fb_4480_976b_7799b00898da,"Warming Centers: Cook County, Illinois",location|structure,"The Warming Centers point dataset contains locations of warming centers in Cook County, Illinois. Municipalities around Cook County have opened warming centers for area residents as temperatures start to drop. Residents who need to seek shelter should contact the center first to verify it is open.",Cook County GIS Department,Cook County Government,Cook County GIS Department,2016-12-09,2016-12-09,,,"Cook County, Illinois, United States|Illinois, United States",https://datacatalog.cookcountyil.gov/d/vjup-q5in,https://datacatalog.cookcountyil.gov/api/geospatial/vjup-q5in?method=export&format=Shapefile,Cook County Open Data,Point,vjup-q5in
280f3069_93ba_406b_ae52_4d71da02440c,"Address Points for Survey Township Area 01: Cook County, Illinois, 2016",location,"This Address Point feature class contains one point for every address in Survey Township 01 (Township 42 N, Range 9 E; see ccgisdata - Survey Township (Area) 2014).",Cook County GIS Department,Cook County Government,Cook County GIS Department,2016-05-10,2016-05-10,2016,,"Cook County, Illinois, United States|Illinois, United States",https://datacatalog.cookcountyil.gov/d/qzpp-jhf6,https://datacatalog.cookcountyil.gov/api/geospatial/qzpp-jhf6?method=export&format=Shapefile,Cook County Open Data,Point,qzpp-jhf6
9e55ed39_d733_4b6e_bde6_c22da7a5852d,"Address Points for Survey Township Area 02: Cook County, Illinois, 2016",location,"This Address Point feature class contains one point for every address in Survey Township 02 (Township 42 N, Range 10 E; see ccgisdata - Survey Township (Area) 2014).",Cook County GIS Department,Cook County Government,Cook County GIS Department,2016-05-11,2016-05-11,2016,,"Cook County, Illinois, United States|Illinois, United States",https://datacatalog.cookcountyil.gov/d/4977-ijic,https://datacatalog.cookcountyil.gov/api/geospatial/4977-ijic?method=export&format=Shapefile,Cook County Open Data,Point,4977-ijic
470abbfa_dcb9_4d27_abc1_a673ed6d9c6d,"Address Points for Survey Township Area 03: Cook County, Illinois, 2016",location,"This Address Point feature class contains one point for every address in Survey Township 03 (Township 42 N, Range 11 E; see ccgisdata - Survey Township (Area) 2014).",Cook County GIS Department,Cook County Government,Cook County GIS Department,2016-05-11,2016-05-11,2016,,"Cook County, Illinois, United States|Illinois, United States",https://datacatalog.cookcountyil.gov/d/7832-c962,https://datacatalog.cookcountyil.gov/api/geospatial/7832-c962?method=export&format=Shapefile,Cook County Open Data,Point,7832-c962
ffec1c30_30ff_47d4_adec_70806a8e8f7a,"Address Points for Survey Township Area 04: Cook County, Illinois, 2016",location,"This Address Point feature class contains one point for every address in Survey Township 04 (Township 42 N, Range 12 E; see ccgisdata - Survey Township (Area) 2014).",Cook County GIS Department,Cook County Government,Cook County GIS Department,2016-05-11,2016-05-11,2016,,"Cook County, Illinois, United States|Illinois, United States",https://datacatalog.cookcountyil.gov/d/5krr-vb4m,https://datacatalog.cookcountyil.gov/api/geospatial/5krr-vb4m?method=export&format=Shapefile,Cook County Open Data,Point,5krr-vb4m
cc91cd04_e2c7_4890_8c0a_2eb617438132,"Address Points for Survey Township Area 05: Cook County, Illinois, 2016",location,"This Address Point feature class contains one point for every address in Survey Township 05 (Township 42 N, Range 13 E; see ccgisdata - Survey Township (Area) 2014).",Cook County GIS Department,Cook County Government,Cook County GIS Department,2016-05-11,2016-05-11,2016,,"Cook County, Illinois, United States|Illinois, United States",https://datacatalog.cookcountyil.gov/d/38yg-b73x,https://datacatalog.cookcountyil.gov/api/geospatial/38yg-b73x?method=export&format=Shapefile,Cook County Open Data,Point,38yg-b73x
e7801172_0310_4bf0_a040_6ce05e16f13c,"Address Points for Survey Township Area 06: Cook County, Illinois, 2016",location,"This Address Point feature class contains one point for every address in Survey Township 06 (Township 41 N, Range 9 E; see ccgisdata - Survey Township (Area) 2014).",Cook County GIS Department,Cook County Government,Cook County GIS Department,2016-05-11,2016-05-11,2016,,"Cook County, Illinois, United States|Illinois, United States",https://datacatalog.cookcountyil.gov/d/nkzg-ucit,https://datacatalog.cookcountyil.gov/api/geospatial/nkzg-ucit?method=export&format=Shapefile,Cook County Open Data,Point,nkzg-ucit
753153fa_8196_4548_b9ec_b9b1e089d964,"Address Points for Survey Township Area 07: Cook County, Illinois, 2016",location,"This Address Point feature class contains one point for every address in Survey Township 07 (Township 41 N, Range 10 E; see ccgisdata - Survey Township (Area) 2014).",Cook County GIS Department,Cook County Government,Cook County GIS Department,2016-05-11,2016-05-11,2016,,"Cook County, Illinois, United States|Illinois, United States",https://datacatalog.cookcountyil.gov/d/rxi4-nx3v,https://datacatalog.cookcountyil.gov/api/geospatial/rxi4-nx3v?method=export&format=Shapefile,Cook County Open Data,Point,rxi4-nx3v
72afdbdc_9703_431a_8d5c_42d8202831b0,"Address Points for Survey Township Area 08: Cook County, Illinois, 2016",location,"This Address Point feature class contains one point for every address in Survey Township 08 (Township 41 N, Range 11 E; see ccgisdata - Survey Township (Area) 2014).",Cook County GIS Department,Cook County Government,Cook County GIS Department,2016-05-11,2016-05-11,2016,,"Cook County, Illinois, United States|Illinois, United States",https://datacatalog.cookcountyil.gov/d/ivv7-q3um,https://datacatalog.cookcountyil.gov/api/geospatial/ivv7-q3um?method=export&format=Shapefile,Cook County Open Data,Point,ivv7-q3um
c96c6f3e_eb46_454f_bbd5_a5cef44ea6e3,"Address Points for Survey Township Area 09: Cook County, Illinois, 2016",location,"This Address Point feature class contains one point for every address in Survey Township 09 (Township 41 N, Range 12 E; see ccgisdata - Survey Township (Area) 2014).",Cook County GIS Department,Cook County Government,Cook County GIS Department,2016-05-11,2016-05-11,2016,,"Cook County, Illinois, United States|Illinois, United States",https://datacatalog.cookcountyil.gov/d/syzq-55pd,https://datacatalog.cookcountyil.gov/api/geospatial/syzq-55pd?method=export&format=Shapefile,Cook County Open Data,Point,syzq-55pd
03545b31_9d50_4dcd_8cc7_5aed35bfa07a,"Address Points for Survey Township Area 10: Cook County, Illinois, 2016",location,"This Address Point feature class contains one point for every address in Survey Township 10 (Township 41 N, Range 13 E; see ccgisdata - Survey Township (Area) 2014).",Cook County GIS Department,Cook County Government,Cook County GIS Department,2016-05-11,2016-05-11,2016,,"Cook County, Illinois, United States|Illinois, United States",https://datacatalog.cookcountyil.gov/d/c4y3-uesx,https://datacatalog.cookcountyil.gov/api/geospatial/c4y3-uesx?method=export&format=Shapefile,Cook County Open Data,Point,c4y3-uesx
9e6d6a42_3b7f_4dc2_930e_a01b3fee0a6a,"Address Points for Survey Township Area 11: Cook County, Illinois, 2016",location,"This Address Point feature class contains one point for every address in Survey Township 11 (Township 41 N, Range 14 E; see ccgisdata - Survey Township (Area) 2014).",Cook County GIS Department,Cook County Government,Cook County GIS Department,2016-05-11,2016-05-11,2016,,"Cook County, Illinois, United States|Illinois, United States",https://datacatalog.cookcountyil.gov/d/uf63-xagj,https://datacatalog.cookcountyil.gov/api/geospatial/uf63-xagj?method=export&format=Shapefile,Cook County Open Data,Point,uf63-xagj
7a026b19_e268_4ab7_8212_98ac03cf8a00,"Address Points for Survey Township Area 12: Cook County, Illinois, 2016",location,"This Address Point feature class contains one point for every address in Survey Township 12 (Township 40 N, Range 12 E; see ccgisdata - Survey Township (Area) 2014).",Cook County GIS Department,Cook County Government,Cook County GIS Department,2016-05-11,2016-05-11,2016,,"Cook County, Illinois, United States|Illinois, United States",https://datacatalog.cookcountyil.gov/d/6265-sdqf,https://datacatalog.cookcountyil.gov/api/geospatial/6265-sdqf?method=export&format=Shapefile,Cook County Open Data,Point,6265-sdqf
77ac5d7f_01e8_4469_9148_021d89b2cd61,"Address Points for Survey Township Area 13: Cook County, Illinois, 2016",location,"This Address Point feature class contains one point for every address in Survey Township 13 (Township 40 N, Range 13 E; see ccgisdata - Survey Township (Area) 2014).",Cook County GIS Department,Cook County Government,Cook County GIS Department,2016-05-11,2016-05-11,2016,,"Cook County, Illinois, United States|Illinois, United States",https://datacatalog.cookcountyil.gov/d/6y64-fiuv,https://datacatalog.cookcountyil.gov/api/geospatial/6y64-fiuv?method=export&format=Shapefile,Cook County Open Data,Point,6y64-fiuv
c03aa94b_9916_4ad1_8380_10ea76ad0e9a,"Address Points for Survey Township Area 14: Cook County, Illinois, 2016",location,"This Address Point feature class contains one point for every address in Survey Township 14 (Township 40 N, Range 14 E; see ccgisdata - Survey Township (Area) 2014).",Cook County GIS Department,Cook County Government,Cook County GIS Department,2016-05-11,2016-05-11,2016,,"Cook County, Illinois, United States|Illinois, United States",https://datacatalog.cookcountyil.gov/d/7rcp-cifk,https://datacatalog.cookcountyil.gov/api/geospatial/7rcp-cifk?method=export&format=Shapefile,Cook County Open Data,Point,7rcp-cifk
1910ac71_d33d_4b9b_9725_bd49ee68110e,"Address Points for Survey Township Area 15: Cook County, Illinois, 2016",location,"This Address Point feature class contains one point for every address in Survey Township 15 (Township 39 N, Range 12 E; see ccgisdata - Survey Township (Area) 2014).",Cook County GIS Department,Cook County Government,Cook County GIS Department,2016-05-11,2016-05-11,2016,,"Cook County, Illinois, United States|Illinois, United States",https://datacatalog.cookcountyil.gov/d/ai6s-9ihv,https://datacatalog.cookcountyil.gov/api/geospatial/ai6s-9ihv?method=export&format=Shapefile,Cook County Open Data,Point,ai6s-9ihv
b09192db_0bc4_4fa5_b47b_4febaa1c65c2,"Address Points for Survey Township Area 16: Cook County, Illinois, 2016",location,"This Address Point feature class contains one point for every address in Survey Township 16 (Township 39 N, Range 13 E; see ccgisdata - Survey Township (Area) 2014).",Cook County GIS Department,Cook County Government,Cook County GIS Department,2016-05-11,2016-05-11,2016,,"Cook County, Illinois, United States|Illinois, United States",https://datacatalog.cookcountyil.gov/d/e9gq-iquy,https://datacatalog.cookcountyil.gov/api/geospatial/e9gq-iquy?method=export&format=Shapefile,Cook County Open Data,Point,e9gq-iquy
da225b3c_13f5_49c9_b530_e30f29507e32,"Address Points for Survey Township Area 17: Cook County, Illinois, 2016",location,"This Address Point feature class contains one point for every address in Survey Township 17 (Township 39 N, Range 14 E; see ccgisdata - Survey Township (Area) 2014).",Cook County GIS Department,Cook County Government,Cook County GIS Department,2016-05-11,2016-05-11,2016,,"Cook County, Illinois, United States|Illinois, United States",https://datacatalog.cookcountyil.gov/d/jaeu-u2u6,https://datacatalog.cookcountyil.gov/api/geospatial/jaeu-u2u6?method=export&format=Shapefile,Cook County Open Data,Point,jaeu-u2u6
b43826f0_6c90_4542_8acd_6a7dbe277d4d,"Address Points for Survey Township Area 18: Cook County, Illinois, 2016",location,"This Address Point feature class contains one point for every address in Survey Township 18 (Township 38 N, Range 12 E; see ccgisdata - Survey Township (Area) 2014).",Cook County GIS Department,Cook County Government,Cook County GIS Department,2016-05-11,2016-05-11,2016,,"Cook County, Illinois, United States|Illinois, United States",https://datacatalog.cookcountyil.gov/d/b83i-7zxa,https://datacatalog.cookcountyil.gov/api/geospatial/b83i-7zxa?method=export&format=Shapefile,Cook County Open Data,Point,b83i-7zxa
739c8358_5293_4a83_8c72_8547a3439b08,"Address Points for Survey Township Area 19: Cook County, Illinois, 2016",location,"This Address Point feature class contains one point for every address in Survey Township 19 (Township 38 N, Range 13 E; see ccgisdata - Survey Township (Area) 2014).",Cook County GIS Department,Cook County Government,Cook County GIS Department,2016-05-11,2016-05-11,2016,,"Cook County, Illinois, United States|Illinois, United States",https://datacatalog.cookcountyil.gov/d/y9wi-jd57,https://datacatalog.cookcountyil.gov/api/geospatial/y9wi-jd57?method=export&format=Shapefile,Cook County Open Data,Point,y9wi-jd57
e8cc856a_6fef_4c55_9d82_94018f04bb4d,"Address Points for Survey Township Area 20: Cook County, Illinois, 2016",location,"This Address Point feature class contains one point for every address in Survey Township 20 (Township 38 N, Range 14 E; see ccgisdata - Survey Township (Area) 2014).",Cook County GIS Department,Cook County Government,Cook County GIS Department,2016-05-12,2016-05-12,2016,,"Cook County, Illinois, United States|Illinois, United States",https://datacatalog.cookcountyil.gov/d/24hu-vx3h,https://datacatalog.cookcountyil.gov/api/geospatial/24hu-vx3h?method=export&format=Shapefile,Cook County Open Data,Point,24hu-vx3h
0bb004c0_ad9f_4d2a_8852_72e79806145d,"Address Points for Survey Township Area 21: Cook County, Illinois, 2016",location,"This Address Point feature class contains one point for every address in Survey Township 21 (Township 38 N, Range 15 E; see ccgisdata - Survey Township (Area) 2014).",Cook County GIS Department,Cook County Government,Cook County GIS Department,2016-05-12,2016-05-12,2016,,"Cook County, Illinois, United States|Illinois, United States",https://datacatalog.cookcountyil.gov/d/uhv8-ar4p,https://datacatalog.cookcountyil.gov/api/geospatial/uhv8-ar4p?method=export&format=Shapefile,Cook County Open Data,Point,uhv8-ar4p
b185bd3d_3581_4c68_b6b5_84dce2156ae4,"Address Points for Survey Township Area 22: Cook County, Illinois, 2016",location,"This Address Point feature class contains one point for every address in Survey Township 22 (Township 37 N, Range 11 E; see ccgisdata - Survey Township (Area) 2014).",Cook County GIS Department,Cook County Government,Cook County GIS Department,2016-05-12,2016-05-12,2016,,"Cook County, Illinois, United States|Illinois, United States",https://datacatalog.cookcountyil.gov/d/mqn9-4wmy,https://datacatalog.cookcountyil.gov/api/geospatial/mqn9-4wmy?method=export&format=Shapefile,Cook County Open Data,Point,mqn9-4wmy
6bbc31c8_6e83_4c72_b60b_d2e9704e4532,"Address Points for Survey Township Area 23: Cook County, Illinois, 2016",location,"This Address Point feature class contains one point for every address in Survey Township 23 (Township 37 N, Range 12 E; see ccgisdata - Survey Township (Area) 2014).",Cook County GIS Department,Cook County Government,Cook County GIS Department,2016-05-12,2016-05-12,2016,,"Cook County, Illinois, United States|Illinois, United States",https://datacatalog.cookcountyil.gov/d/kkvn-vsd7,https://datacatalog.cookcountyil.gov/api/geospatial/kkvn-vsd7?method=export&format=Shapefile,Cook County Open Data,Point,kkvn-vsd7
acac2d1f_23a0_4ac5_adea_dd44571bb8e6,"Address Points for Survey Township Area 24: Cook County, Illinois, 2016",location,"This Address Point feature class contains one point for every address in Survey Township 24 (Township 37 N, Range 13 E; see ccgisdata - Survey Township (Area) 2014).",Cook County GIS Department,Cook County Government,Cook County GIS Department,2016-05-12,2016-05-12,2016,,"Cook County, Illinois, United States|Illinois, United States",https://datacatalog.cookcountyil.gov/d/ntax-x2zf,https://datacatalog.cookcountyil.gov/api/geospatial/ntax-x2zf?method=export&format=Shapefile,Cook County Open Data,Point,ntax-x2zf
791cfc09_3265_419d_9275_1260a8259d0b,"Address Points for Survey Township Area 25: Cook County, Illinois, 2016",location,"This Address Point feature class contains one point for every address in Survey Township 25 (Township 37 N, Range 14 E; see ccgisdata - Survey Township (Area) 2014).",Cook County GIS Department,Cook County Government,Cook County GIS Department,2016-05-12,2016-05-12,2016,,"Cook County, Illinois, United States|Illinois, United States",https://datacatalog.cookcountyil.gov/d/6uxp-xqj6,https://datacatalog.cookcountyil.gov/api/geospatial/6uxp-xqj6?method=export&format=Shapefile,Cook County Open Data,Point,6uxp-xqj6
44a26873_a1af_4c4d_9675_02f22cc070eb,"Address Points for Survey Township Area 26: Cook County, Illinois, 2016",location,"This Address Point feature class contains one point for every address in Survey Township 26 (Township 37 N, Range 15 E; see ccgisdata - Survey Township (Area) 2014).",Cook County GIS Department,Cook County Government,Cook County GIS Department,2016-05-12,2016-05-12,2016,,"Cook County, Illinois, United States|Illinois, United States",https://datacatalog.cookcountyil.gov/d/pz8d-arh6,https://datacatalog.cookcountyil.gov/api/geospatial/pz8d-arh6?method=export&format=Shapefile,Cook County Open Data,Point,pz8d-arh6
3af1fd18_1dbb_42bd_88a1_c5170e480338,"Address Points for Survey Township Area 27: Cook County, Illinois, 2016",location,"This Address Point feature class contains one point for every address in Survey Township 27 (Township 36 N, Range 12 E; see ccgisdata - Survey Township (Area) 2014).",Cook County GIS Department,Cook County Government,Cook County GIS Department,2016-05-12,2016-05-12,2016,,"Cook County, Illinois, United States|Illinois, United States",https://datacatalog.cookcountyil.gov/d/vhk7-x9yc,https://datacatalog.cookcountyil.gov/api/geospatial/vhk7-x9yc?method=export&format=Shapefile,Cook County Open Data,Point,vhk7-x9yc
5435f0d6_a379_4b07_94d3_9db13024bcc8,"Address Points for Survey Township Area 28: Cook County, Illinois, 2016",location,"This Address Point feature class contains one point for every address in Survey Township 28 (Township 36 N, Range 13 E; see ccgisdata - Survey Township (Area) 2014).",Cook County GIS Department,Cook County Government,Cook County GIS Department,2016-05-12,2016-05-12,2016,,"Cook County, Illinois, United States|Illinois, United States",https://datacatalog.cookcountyil.gov/d/gug2-e5qv,https://datacatalog.cookcountyil.gov/api/geospatial/gug2-e5qv?method=export&format=Shapefile,Cook County Open Data,Point,gug2-e5qv
63fba53d_47b1_4078_9cba_e5d2103a3420,"Address Points for Survey Township Area 29: Cook County, Illinois, 2016",location,"This Address Point feature class contains one point for every address in Survey Township 29 (Township 36 N, Range 14 E; see ccgisdata - Survey Township (Area) 2014).",Cook County GIS Department,Cook County Government,Cook County GIS Department,2016-05-12,2016-05-12,2016,,"Cook County, Illinois, United States|Illinois, United States",https://datacatalog.cookcountyil.gov/d/d8c2-rize,https://datacatalog.cookcountyil.gov/api/geospatial/d8c2-rize?method=export&format=Shapefile,Cook County Open Data,Point,d8c2-rize
bef24db9_0a5a_4705_808c_9df8e1ad2c44,"Address Points for Survey Township Area 30: Cook County, Illinois, 2016",location,"This Address Point feature class contains one point for every address in Survey Township 30 (Township 36 N, Range 15 E; see ccgisdata - Survey Township (Area) 2014).",Cook County GIS Department,Cook County Government,Cook County GIS Department,2016-05-12,2016-05-12,2016,,"Cook County, Illinois, United States|Illinois, United States",https://datacatalog.cookcountyil.gov/d/k7z8-ma9h,https://datacatalog.cookcountyil.gov/api/geospatial/k7z8-ma9h?method=export&format=Shapefile,Cook County Open Data,Point,k7z8-ma9h
eab21e6f_6999_44d2_90d3_0f3e94397362,"Address Points for Survey Township Area 31: Cook County, Illinois, 2016",location,"This Address Point feature class contains one point for every address in Survey Township 31 (Township 35 N, Range 13 E; see ccgisdata - Survey Township (Area) 2014).",Cook County GIS Department,Cook County Government,Cook County GIS Department,2016-05-12,2016-05-12,2016,,"Cook County, Illinois, United States|Illinois, United States",https://datacatalog.cookcountyil.gov/d/mqsd-unjm,https://datacatalog.cookcountyil.gov/api/geospatial/mqsd-unjm?method=export&format=Shapefile,Cook County Open Data,Point,mqsd-unjm
1a20ac6a_4e5b_4bae_b0c7_9635ea7ad467,"Address Points for Survey Township Area 32: Cook County, Illinois, 2016",location,"This Address Point feature class contains one point for every address in Survey Township 32 (Township 35 N, Range 14 E; see ccgisdata - Survey Township (Area) 2014).",Cook County GIS Department,Cook County Government,Cook County GIS Department,2016-05-12,2016-05-12,2016,,"Cook County, Illinois, United States|Illinois, United States",https://datacatalog.cookcountyil.gov/d/q6ik-zx2p,https://datacatalog.cookcountyil.gov/api/geospatial/q6ik-zx2p?method=export&format=Shapefile,Cook County Open Data,Point,q6ik-zx2p
ea2a21cf_ca2b_4e1f_9135_e873d59ab35d,"Address Points for Survey Township Area 33: Cook County, Illinois, 2016",location,"This Address Point feature class contains one point for every address in Survey Township 33 (Township 35 N, Range 15 E; see ccgisdata - Survey Township (Area) 2014).",Cook County GIS Department,Cook County Government,Cook County GIS Department,2016-05-12,2016-05-12,2016,,"Cook County, Illinois, United States|Illinois, United States",https://datacatalog.cookcountyil.gov/d/7fn9-axdp,https://datacatalog.cookcountyil.gov/api/geospatial/7fn9-axdp?method=export&format=Shapefile,Cook County Open Data,Point,7fn9-axdp
100c3dfb_8519_4901_858d_1407d2d5a6a4,"Pavement Road Edge: Cook County, Illinois",boundaries|transportation,"Paved road edge polygons show the location of pavement edges along a road in Cook County, Illinois.",Cook County GIS Department,Cook County Government,Cook County GIS Department,2014-05-14,2014-05-14,,,"Cook County, Illinois, United States|Illinois, United States",https://datacatalog.cookcountyil.gov/d/ve6b-nwmh,https://datacatalog.cookcountyil.gov/api/geospatial/ve6b-nwmh?method=export&format=Shapefile,Cook County Open Data,Polygon,ve6b-nwmh
9fde1771_f46c_4267_bbec_254280fc5c38,"Railroad Station Points: Cook County, Illinois",location|structure|transportation,"This dataset contains a point feature class that represents railroad stations in Cook County, Illinois.",Cook County GIS Department,Cook County Government,Cook County GIS Department,2014-08-18,2014-08-18,,,"Cook County, Illinois, United States|Illinois, United States",https://datacatalog.cookcountyil.gov/d/a5w9-2wkv,https://datacatalog.cookcountyil.gov/api/geospatial/a5w9-2wkv?method=export&format=Shapefile,Cook County Open Data,Point,a5w9-2wkv
4c27480b_aa6b_413c_b94d_9efaad7652cb,"Railroad Tracks: Cook County, Illinois, 2014",transportation,"The railroad tracks line dataset depicts the location of railroad tracks (including single and multiple line tracks, railyards, and spurs) and railroad stations in Cook County, Illinois.",Cook County GIS Department,Cook County Government,Cook County GIS Department,2014-08-18,2014-08-18,,,"Cook County, Illinois, United States|Illinois, United States",https://datacatalog.cookcountyil.gov/d/g4rv-8w9m,https://datacatalog.cookcountyil.gov/api/geospatial/g4rv-8w9m?method=export&format=Shapefile,Cook County Open Data,Line,g4rv-8w9m
7d7b6f19_d4eb_4832_b471_777a2ec950fa,"Street Midlines: Cook County, Illinois, 2014",transportation,"The Street Midlines line dataset represents the interpreted midline between the compiled edges of pavement for Cook County, Illinois. Unimproved rights-of-way are also included in this dataset.",Cook County GIS Department,Cook County Government,Cook County GIS Department,2014-03-05,2014-03-05,2014,,"Cook County, Illinois, United States|Illinois, United States",https://datacatalog.cookcountyil.gov/d/ujuy-nfcm,https://datacatalog.cookcountyil.gov/api/geospatial/ujuy-nfcm?method=export&format=Shapefile,Cook County Open Data,Line,ujuy-nfcm
37f6ce0b_c33a_48e7_bf1b_577504f63d8e,"Street Midlines: Cook County, Illinois, 2015",transportation,"The Street Midlines line dataset represents the interpreted midline between the compiled edges of pavement for Cook County, Illinois. Unimproved rights-of-way are also included in this dataset.",Cook County GIS Department,Cook County Government,Cook County GIS Department,2015-11-25,2015-11-25,2015,,"Cook County, Illinois, United States|Illinois, United States",https://datacatalog.cookcountyil.gov/d/73aw-3v3w,https://datacatalog.cookcountyil.gov/api/geospatial/73aw-3v3w?method=export&format=Shapefile,Cook County Open Data,Line,73aw-3v3w
